,page_id,post_id,reaction_type,user_id
0,960782227349574,960782227349574_1535027806591677,LIKE,396132237468566
1,960782227349574,960782227349574_1535027806591677,LIKE,112128289475240
2,960782227349574,960782227349574_1535027806591677,LIKE,106010039815821
3,960782227349574,960782227349574_1535027806591677,LIKE,763439883702735
4,960782227349574,960782227349574_1535027806591677,LIKE,582191858548807
5,960782227349574,960782227349574_1528070270620764,LIKE,396132237468566
6,960782227349574,960782227349574_1528070270620764,LIKE,708312232562349
7,960782227349574,960782227349574_1526998074061317,LIKE,763439883702735
8,960782227349574,960782227349574_1526998074061317,LIKE,280869415629695
9,960782227349574,960782227349574_1522545277839930,LIKE,546136218839208
10,960782227349574,960782227349574_1522545277839930,LIKE,10204272064513728
11,960782227349574,960782227349574_1522545277839930,LIKE,396132237468566
12,960782227349574,960782227349574_1522545277839930,LIKE,763439883702735
13,960782227349574,960782227349574_1522545277839930,LIKE,120189928637096
14,960782227349574,960782227349574_1522545277839930,LIKE,882018315144983
15,960782227349574,960782227349574_1522013361226455,LIKE,1521633401393351
16,960782227349574,960782227349574_1522013361226455,LIKE,546136218839208
17,960782227349574,960782227349574_1522013361226455,LIKE,577933845671267
18,960782227349574,960782227349574_1522013361226455,LIKE,10202095558967433
19,960782227349574,960782227349574_1522013361226455,LIKE,937703166274205
20,960782227349574,960782227349574_1522013361226455,LIKE,10202918770434590
21,960782227349574,960782227349574_1522013361226455,LIKE,725717254161161
22,960782227349574,960782227349574_1522013361226455,LIKE,1413695008897426
23,960782227349574,960782227349574_1522013361226455,LIKE,865434396887333
24,960782227349574,960782227349574_1522013361226455,LIKE,882018315144983
25,960782227349574,960782227349574_1522013361226455,LIKE,120189928637096
26,960782227349574,960782227349574_1522013361226455,LIKE,763439883702735
27,960782227349574,960782227349574_1516823638412094,LIKE,10204541885479376
28,960782227349574,960782227349574_1516823638412094,LIKE,10152414090666428
29,960782227349574,960782227349574_1516823638412094,LIKE,763439883702735
30,960782227349574,960782227349574_1516823638412094,LIKE,396132237468566
31,960782227349574,960782227349574_1513862062041585,LIKE,153616352048244
32,960782227349574,960782227349574_1513862062041585,LIKE,872169656127225
33,960782227349574,960782227349574_1513862062041585,LIKE,802499346436567
34,960782227349574,960782227349574_1513862062041585,LIKE,10152570285156025
35,960782227349574,960782227349574_1513862062041585,LIKE,763439883702735
36,960782227349574,960782227349574_1508167732611018,WOW,397501263721383
37,960782227349574,960782227349574_1508167732611018,LIKE,861426620534651
38,960782227349574,960782227349574_1508167732611018,LIKE,10200326393757888
39,960782227349574,960782227349574_1508167732611018,LIKE,145503699154015
40,960782227349574,960782227349574_1508167732611018,LIKE,396132237468566
41,960782227349574,960782227349574_1505587889535669,WOW,1661274290801114
42,960782227349574,960782227349574_1505587889535669,LIKE,546136218839208
43,960782227349574,960782227349574_1505587889535669,LIKE,803295013060049
44,960782227349574,960782227349574_1505587889535669,LIKE,225876327609307
45,960782227349574,960782227349574_1505587889535669,LIKE,10203185498109294
46,960782227349574,960782227349574_1505587889535669,LIKE,548424835258018
47,960782227349574,960782227349574_1505587889535669,LIKE,173695512992106
48,960782227349574,960782227349574_1505587889535669,LIKE,645971502215002
49,960782227349574,960782227349574_1505587889535669,LIKE,10203136231182861
50,960782227349574,960782227349574_1505587889535669,LIKE,883131181747279
51,960782227349574,960782227349574_1505587889535669,LOVE,719639424780109
52,960782227349574,960782227349574_1505587889535669,LIKE,10203872760674984
53,960782227349574,960782227349574_1505587889535669,LIKE,10202111528491075
54,960782227349574,960782227349574_1505587889535669,LIKE,440173159468984
55,960782227349574,960782227349574_1505587889535669,LIKE,10203386741133637
56,960782227349574,960782227349574_1505587889535669,LIKE,492906997514253
57,960782227349574,960782227349574_1505587889535669,LIKE,10205728078431385
58,960782227349574,960782227349574_1505587889535669,LOVE,858380214182864
59,960782227349574,960782227349574_1505587889535669,LIKE,752261738197074
60,960782227349574,960782227349574_1505587889535669,LIKE,350722061774965
61,960782227349574,960782227349574_1505587889535669,LIKE,1577470589148726
62,960782227349574,960782227349574_1505587889535669,LIKE,1241777012583038
63,960782227349574,960782227349574_1505587889535669,LIKE,692437844178168
64,960782227349574,960782227349574_1505587889535669,LIKE,373929676096874
65,960782227349574,960782227349574_1505587889535669,LIKE,803840082995397
66,960782227349574,960782227349574_1505587889535669,LIKE,687959581285275
67,960782227349574,960782227349574_1505587889535669,LIKE,168392623502205
68,960782227349574,960782227349574_1505587889535669,LIKE,1174090949287458
69,960782227349574,960782227349574_1505587889535669,LIKE,772198129490232
70,960782227349574,960782227349574_1505587889535669,LIKE,777175259009181
71,960782227349574,960782227349574_1505587889535669,LIKE,865434396887333
72,960782227349574,960782227349574_1505587889535669,LIKE,10201491902650473
73,960782227349574,960782227349574_1505587889535669,LIKE,833463103361353
74,960782227349574,960782227349574_1505587889535669,LIKE,10204150329586748
75,960782227349574,960782227349574_1505587889535669,LIKE,893380627372709
76,960782227349574,960782227349574_1505587889535669,LIKE,774246939319329
77,960782227349574,960782227349574_1505587889535669,LIKE,148787678830571
78,960782227349574,960782227349574_1505587889535669,LIKE,1006811072678446
79,960782227349574,960782227349574_1505587889535669,LIKE,10202095558967433
80,960782227349574,960782227349574_1505587889535669,LIKE,397501263721383
81,960782227349574,960782227349574_1505587889535669,LIKE,758547920857049
82,960782227349574,960782227349574_1505587889535669,LIKE,10204272812074025
83,960782227349574,960782227349574_1505587889535669,LIKE,861545977268142
84,960782227349574,960782227349574_1505587889535669,LIKE,10204511117247831
85,960782227349574,960782227349574_1505587889535669,LIKE,10152570285156025
86,960782227349574,960782227349574_1505587889535669,LIKE,10152475783459574
87,960782227349574,960782227349574_1505587889535669,LOVE,1772835402941989
88,960782227349574,960782227349574_1505587889535669,LIKE,10203594096634374
89,960782227349574,960782227349574_1505587889535669,LIKE,794216820646196
90,960782227349574,960782227349574_1505587889535669,LIKE,10205488911648739
91,960782227349574,960782227349574_1505587889535669,LIKE,844201745647600
92,960782227349574,960782227349574_1505587889535669,LIKE,1433909830217320
93,960782227349574,960782227349574_1505587889535669,LIKE,866338426715714
94,960782227349574,960782227349574_1505587889535669,LIKE,10203264386706512
95,960782227349574,960782227349574_1505587889535669,LIKE,10205434638603782
96,960782227349574,960782227349574_1505587889535669,LIKE,900387536657058
97,960782227349574,960782227349574_1505587889535669,LIKE,771056752957236
98,960782227349574,960782227349574_1505587889535669,LIKE,1442242469421266
99,960782227349574,960782227349574_1505587889535669,LIKE,436655766522836
100,960782227349574,960782227349574_1505587889535669,LIKE,1570640023225644
101,960782227349574,960782227349574_1505587889535669,LIKE,598305406962665
102,960782227349574,960782227349574_1505587889535669,LIKE,872169656127225
103,960782227349574,960782227349574_1505587889535669,LIKE,708206059321638
104,960782227349574,960782227349574_1505587889535669,LIKE,396132237468566
105,960782227349574,960782227349574_1505587889535669,LIKE,1771123603150131
106,960782227349574,960782227349574_1505587889535669,LIKE,802499346436567
107,960782227349574,960782227349574_1505587889535669,LIKE,763439883702735
108,960782227349574,960782227349574_1505587889535669,LIKE,1009587395735563
109,960782227349574,960782227349574_1504718872955904,LIKE,775568959129245
110,960782227349574,960782227349574_1504718872955904,LIKE,866338426715714
111,960782227349574,960782227349574_1504718872955904,LIKE,145503699154015
112,960782227349574,960782227349574_1504718872955904,LIKE,802499346436567
113,960782227349574,960782227349574_1504718872955904,LOVE,900387536657058
114,960782227349574,960782227349574_1504718872955904,LIKE,865434396887333
115,960782227349574,960782227349574_1504718872955904,LIKE,771056752957236
116,960782227349574,960782227349574_1504718872955904,LOVE,10154072259263986
117,960782227349574,960782227349574_1504718872955904,LIKE,106010039815821
118,960782227349574,960782227349574_1504718872955904,LIKE,775166225905435
119,960782227349574,960782227349574_1504718872955904,LIKE,763439883702735
120,960782227349574,960782227349574_1504718872955904,LIKE,10203758288021794
121,960782227349574,960782227349574_1504718872955904,LIKE,582191858548807
122,960782227349574,960782227349574_1502308386530286,LIKE,708206059321638
123,960782227349574,960782227349574_1502308386530286,LIKE,10152781671336838
124,960782227349574,960782227349574_1502308386530286,LOVE,153616352048244
125,960782227349574,960782227349574_1502308386530286,LIKE,10152570285156025
126,960782227349574,960782227349574_1502308386530286,LIKE,802499346436567
127,960782227349574,960782227349574_1502308386530286,WOW,10152428612112604
128,960782227349574,960782227349574_1502308386530286,LIKE,121932364997646
129,960782227349574,960782227349574_1502308386530286,LIKE,900387536657058
130,960782227349574,960782227349574_1502308386530286,LIKE,866301146747937
131,960782227349574,960782227349574_1502308386530286,LIKE,1474795259472464
132,960782227349574,960782227349574_1502308386530286,LIKE,765776026780699
133,960782227349574,960782227349574_1502308386530286,LIKE,582191858548807
134,960782227349574,960782227349574_1502308386530286,LIKE,1009587395735563
135,960782227349574,960782227349574_1502308386530286,LIKE,692437844178168
136,960782227349574,960782227349574_1502308386530286,LIKE,1174090949287458
137,960782227349574,960782227349574_1502308386530286,LIKE,763439883702735
138,960782227349574,960782227349574_1502308386530286,LIKE,396132237468566
139,960782227349574,960782227349574_1502252766535848,LIKE,775568959129245
140,960782227349574,960782227349574_1502252766535848,LIKE,582191858548807
141,960782227349574,960782227349574_1502252766535848,LIKE,857778274263377
142,960782227349574,960782227349574_1502252766535848,LIKE,286950078179794
143,960782227349574,960782227349574_1502252766535848,LIKE,763439883702735
144,960782227349574,960782227349574_1502252766535848,LIKE,396132237468566
145,960782227349574,960782227349574_1500616230032835,LIKE,669124759830628
146,960782227349574,960782227349574_1500616230032835,LIKE,763439883702735
147,960782227349574,960782227349574_1500616230032835,LIKE,10152761894307595
148,960782227349574,960782227349574_1500616230032835,LIKE,396132237468566
149,960782227349574,960782227349574_1500616230032835,LIKE,1729482713749842
150,960782227349574,960782227349574_1498787256882399,LIKE,775568959129245
151,960782227349574,960782227349574_1498787256882399,LIKE,10203692894996504
152,960782227349574,960782227349574_1498787256882399,LIKE,732042896865729
153,960782227349574,960782227349574_1498787256882399,LIKE,1570640023225644
154,960782227349574,960782227349574_1498787256882399,LIKE,10152475783459574
155,960782227349574,960782227349574_1498787256882399,LIKE,669124759830628
156,960782227349574,960782227349574_1498787256882399,LIKE,699665633414306
157,960782227349574,960782227349574_1498787256882399,LIKE,900387536657058
158,960782227349574,960782227349574_1498787256882399,LIKE,1433909830217320
159,960782227349574,960782227349574_1498787256882399,LIKE,622813717812862
160,960782227349574,960782227349574_1498787256882399,LIKE,1418062885178984
161,960782227349574,960782227349574_1498787256882399,LIKE,1772835402941989
162,960782227349574,960782227349574_1498787256882399,LIKE,872169656127225
163,960782227349574,960782227349574_1498787256882399,LIKE,286950078179794
164,960782227349574,960782227349574_1498787256882399,LIKE,1058583847503271
165,960782227349574,960782227349574_1498787256882399,HAHA,285606921887612
166,960782227349574,960782227349574_1498787256882399,LIKE,738980719488617
167,960782227349574,960782227349574_1498787256882399,LIKE,763439883702735
168,960782227349574,960782227349574_1494749160619542,LIKE,775568959129245
169,960782227349574,960782227349574_1494749160619542,LIKE,582191858548807
170,960782227349574,960782227349574_1494749160619542,LIKE,763439883702735
171,960782227349574,960782227349574_1494749160619542,LIKE,285606921887612
172,960782227349574,960782227349574_1490927821001676,LIKE,775568959129245
173,960782227349574,960782227349574_1490927821001676,LIKE,396132237468566
174,960782227349574,960782227349574_1490927821001676,LIKE,10152470796587534
175,960782227349574,960782227349574_1490927821001676,LIKE,285606921887612
176,960782227349574,960782227349574_1490927821001676,LIKE,763439883702735
177,960782227349574,960782227349574_1487269911367467,LIKE,775568959129245
178,960782227349574,960782227349574_1487269911367467,LOVE,763439883702735
179,960782227349574,960782227349574_1482505035177288,LIKE,1580678835542409
180,960782227349574,960782227349574_1482505035177288,LIKE,1729482713749842
181,960782227349574,960782227349574_1482505035177288,LIKE,10203758288021794
182,960782227349574,960782227349574_1482505035177288,LIKE,857778274263377
183,960782227349574,960782227349574_1482505035177288,LIKE,763439883702735
184,960782227349574,960782227349574_1482505035177288,LIKE,285606921887612
185,960782227349574,960782227349574_1482505035177288,LIKE,396132237468566
186,960782227349574,960782227349574_1482505035177288,LIKE,708312232562349
187,960782227349574,960782227349574_1481389795288812,LIKE,763439883702735
188,960782227349574,960782227349574_1481389795288812,LIKE,285606921887612
189,960782227349574,960782227349574_1479565582137900,LIKE,145503699154015
190,960782227349574,960782227349574_1479565582137900,LIKE,763439883702735
191,960782227349574,960782227349574_1479565582137900,LIKE,396132237468566
192,960782227349574,960782227349574_1479565582137900,LIKE,285606921887612
193,960782227349574,960782227349574_1478740928887032,LIKE,10205788212678627
194,960782227349574,960782227349574_1478740928887032,LIKE,776027285768203
195,960782227349574,960782227349574_1478740928887032,LIKE,1433909830217320
196,960782227349574,960782227349574_1478740928887032,LIKE,10153294784709018
197,960782227349574,960782227349574_1478740928887032,LIKE,723910364353766
198,960782227349574,960782227349574_1478740928887032,LIKE,1397322027265263
199,960782227349574,960782227349574_1478740928887032,LIKE,630935180339162
200,960782227349574,960782227349574_1478740928887032,LIKE,388432594664291
201,960782227349574,960782227349574_1478740928887032,LIKE,754507464592511
202,960782227349574,960782227349574_1478740928887032,LIKE,143432562672676
203,960782227349574,960782227349574_1478740928887032,LIKE,739929896061696
204,960782227349574,960782227349574_1478740928887032,LIKE,1075624182464416
205,960782227349574,960782227349574_1478740928887032,LIKE,145503699154015
206,960782227349574,960782227349574_1478740928887032,LIKE,396132237468566
207,960782227349574,960782227349574_1478740928887032,LIKE,763439883702735
208,960782227349574,960782227349574_1478740928887032,LIKE,285606921887612
209,960782227349574,960782227349574_1473647839396341,LIKE,763439883702735
210,960782227349574,960782227349574_1473647839396341,LIKE,285606921887612
211,960782227349574,960782227349574_1464799403614518,LIKE,763439883702735
212,960782227349574,960782227349574_1464799403614518,LIKE,1174090949287458
213,960782227349574,960782227349574_1464799403614518,LIKE,396132237468566
214,960782227349574,960782227349574_1464799403614518,LIKE,285606921887612
215,960782227349574,960782227349574_1464799403614518,LIKE,582191858548807
216,960782227349574,960782227349574_1464619753632483,LIKE,285606921887612
217,960782227349574,960782227349574_1464619753632483,LIKE,396132237468566
218,960782227349574,960782227349574_1463882037039588,LIKE,209964372783983
219,960782227349574,960782227349574_1463882037039588,LIKE,708312232562349
220,960782227349574,960782227349574_1463882037039588,LIKE,285606921887612
221,960782227349574,960782227349574_1463882037039588,LIKE,763439883702735
222,960782227349574,960782227349574_1463882037039588,LIKE,10203758288021794
223,960782227349574,960782227349574_1463882037039588,LIKE,396132237468566
224,960782227349574,960782227349574_1463882037039588,LIKE,859031874169939
225,960782227349574,960782227349574_1463882037039588,LIKE,1546073618966255
226,960782227349574,960782227349574_1462827610478364,LIKE,1064743433542948
227,960782227349574,960782227349574_1462827610478364,LIKE,145503699154015
228,960782227349574,960782227349574_1462827610478364,LIKE,582191858548807
229,960782227349574,960782227349574_1462827610478364,LIKE,285606921887612
230,960782227349574,960782227349574_1462827610478364,LIKE,10152428612112604
231,960782227349574,960782227349574_1462827610478364,LIKE,827452690661908
232,960782227349574,960782227349574_1462827610478364,LIKE,396132237468566
233,960782227349574,960782227349574_1461027673991691,LIKE,177889232762424
234,960782227349574,960782227349574_1461027673991691,LIKE,396132237468566
235,960782227349574,960782227349574_1461027673991691,LIKE,872169656127225
236,960782227349574,960782227349574_1461027673991691,LIKE,735734373143284
237,960782227349574,960782227349574_1461027673991691,LIKE,10152428612112604
238,960782227349574,960782227349574_1461027673991691,WOW,10152508863741291
239,960782227349574,960782227349574_1461027673991691,LOVE,763439883702735
240,960782227349574,960782227349574_1461027673991691,LIKE,582191858548807
241,960782227349574,960782227349574_1461027673991691,LOVE,1533059003585827
242,960782227349574,960782227349574_1461027673991691,LIKE,285606921887612
243,960782227349574,960782227349574_1459056537522138,LIKE,1064743433542948
244,960782227349574,960782227349574_1459056537522138,LIKE,396132237468566
245,960782227349574,960782227349574_1459056537522138,LOVE,763439883702735
246,960782227349574,960782227349574_1459056537522138,LIKE,10203758288021794
247,960782227349574,960782227349574_1456863101074815,LIKE,10153527526807067
248,960782227349574,960782227349574_1456863101074815,LIKE,763439883702735
249,960782227349574,960782227349574_1456863101074815,LIKE,145503699154015
250,960782227349574,960782227349574_1456863101074815,LIKE,285606921887612
251,960782227349574,960782227349574_1450178161743309,LIKE,10153595622066282
252,960782227349574,960782227349574_1450178161743309,LIKE,1484084835211327
253,960782227349574,960782227349574_1450178161743309,LIKE,10204438639879669
254,960782227349574,960782227349574_1450178161743309,LIKE,1174090949287458
255,960782227349574,960782227349574_1450178161743309,LIKE,364437530587738
256,960782227349574,960782227349574_1450178161743309,LIKE,679638745418593
257,960782227349574,960782227349574_1450178161743309,LIKE,236267773512270
258,960782227349574,960782227349574_1450178161743309,LIKE,635706419888267
259,960782227349574,960782227349574_1450178161743309,LIKE,1520430168188742
260,960782227349574,960782227349574_1450178161743309,LIKE,305803506503881
261,960782227349574,960782227349574_1450178161743309,LIKE,695729293928681
262,960782227349574,960782227349574_1450178161743309,LIKE,1441840159441349
263,960782227349574,960782227349574_1450178161743309,LIKE,1648627915359901
264,960782227349574,960782227349574_1450178161743309,LIKE,900216320086441
265,960782227349574,960782227349574_1450178161743309,LIKE,750661521682376
266,960782227349574,960782227349574_1450178161743309,LIKE,164277554069604
267,960782227349574,960782227349574_1450178161743309,LIKE,154981968283217
268,960782227349574,960782227349574_1450178161743309,LIKE,704586462984610
269,960782227349574,960782227349574_1450178161743309,LIKE,415047318884117
270,960782227349574,960782227349574_1450178161743309,LIKE,651284334944691
271,960782227349574,960782227349574_1450178161743309,LIKE,141284473167094
272,960782227349574,960782227349574_1450178161743309,LIKE,204369540048331
273,960782227349574,960782227349574_1450178161743309,LIKE,1741303409503228
274,960782227349574,960782227349574_1450178161743309,WOW,10152943265180903
275,960782227349574,960782227349574_1450178161743309,LIKE,771089286367982
276,960782227349574,960782227349574_1450178161743309,LIKE,485072251625363
277,960782227349574,960782227349574_1450178161743309,LIKE,1384510145203579
278,960782227349574,960782227349574_1450178161743309,LIKE,281895988984865
279,960782227349574,960782227349574_1450178161743309,LIKE,212594679211850
280,960782227349574,960782227349574_1450178161743309,LIKE,807691869323288
281,960782227349574,960782227349574_1450178161743309,LIKE,108930513047833
282,960782227349574,960782227349574_1450178161743309,LIKE,280869235660151
283,960782227349574,960782227349574_1450178161743309,LIKE,179638265842004
284,960782227349574,960782227349574_1450178161743309,LIKE,1772835402941989
285,960782227349574,960782227349574_1450178161743309,LIKE,265847030461740
286,960782227349574,960782227349574_1450178161743309,LIKE,173373146496585
287,960782227349574,960782227349574_1450178161743309,LIKE,289350894557952
288,960782227349574,960782227349574_1450178161743309,LIKE,1509332722615131
289,960782227349574,960782227349574_1450178161743309,LIKE,375374265974608
290,960782227349574,960782227349574_1450178161743309,LIKE,373936579444359
291,960782227349574,960782227349574_1450178161743309,LIKE,387251068113662
292,960782227349574,960782227349574_1450178161743309,LIKE,1545776332370396
293,960782227349574,960782227349574_1450178161743309,LIKE,700953583325439
294,960782227349574,960782227349574_1450178161743309,LIKE,150870202153858
295,960782227349574,960782227349574_1450178161743309,LIKE,642821645826265
296,960782227349574,960782227349574_1450178161743309,LIKE,238437419956675
297,960782227349574,960782227349574_1450178161743309,LIKE,265618577227832
298,960782227349574,960782227349574_1450178161743309,LIKE,229063310886595
299,960782227349574,960782227349574_1450178161743309,LIKE,125819047917862
300,960782227349574,960782227349574_1450178161743309,LIKE,237018570118961
301,960782227349574,960782227349574_1450178161743309,LIKE,654743767936576
302,960782227349574,960782227349574_1450178161743309,LIKE,1524095181195253
303,960782227349574,960782227349574_1450178161743309,LIKE,153686135121277
304,960782227349574,960782227349574_1450178161743309,LIKE,233905823776415
305,960782227349574,960782227349574_1450178161743309,LIKE,583315701786065
306,960782227349574,960782227349574_1450178161743309,LIKE,181877838878878
307,960782227349574,960782227349574_1450178161743309,LIKE,188589118273188
308,960782227349574,960782227349574_1450178161743309,LIKE,192537577813909
309,960782227349574,960782227349574_1450178161743309,LIKE,159246674447185
310,960782227349574,960782227349574_1450178161743309,LIKE,142080999628207
311,960782227349574,960782227349574_1450178161743309,LIKE,270910006692052
312,960782227349574,960782227349574_1450178161743309,LIKE,352752884899719
313,960782227349574,960782227349574_1450178161743309,LIKE,1810462892537519
314,960782227349574,960782227349574_1450178161743309,LIKE,740068396068739
315,960782227349574,960782227349574_1450178161743309,LIKE,770052749694117
316,960782227349574,960782227349574_1450178161743309,LIKE,10204511117247831
317,960782227349574,960782227349574_1450178161743309,LIKE,771056752957236
318,960782227349574,960782227349574_1450178161743309,LIKE,145503699154015
319,960782227349574,960782227349574_1450178161743309,LIKE,10153595101369363
320,960782227349574,960782227349574_1450178161743309,LIKE,844067058940350
321,960782227349574,960782227349574_1450178161743309,LIKE,4573842200658
322,960782227349574,960782227349574_1450178161743309,LIKE,285606921887612
323,960782227349574,960782227349574_1450178161743309,LIKE,763439883702735
324,960782227349574,960782227349574_1450178161743309,LIKE,396132237468566
325,960782227349574,960782227349574_1446932628734529,LIKE,1174090949287458
326,960782227349574,960782227349574_1446932628734529,LIKE,882018315144983
327,960782227349574,960782227349574_1446932628734529,LIKE,872169656127225
328,960782227349574,960782227349574_1446932628734529,LIKE,377034325811353
329,960782227349574,960782227349574_1446932628734529,LIKE,145503699154015
330,960782227349574,960782227349574_1446932628734529,LIKE,296562493882564
331,960782227349574,960782227349574_1446932628734529,LIKE,1523835767889456
332,960782227349574,960782227349574_1446932628734529,LIKE,771056752957236
333,960782227349574,960782227349574_1446932628734529,LIKE,1195239797223339
334,960782227349574,960782227349574_1446932628734529,LIKE,396132237468566
335,960782227349574,960782227349574_1446932628734529,LIKE,955750401122932
336,960782227349574,960782227349574_1446932628734529,LIKE,10154778555600538
337,960782227349574,960782227349574_1446932628734529,LIKE,285606921887612
338,960782227349574,960782227349574_1446932628734529,LOVE,1090926710918644
339,960782227349574,960782227349574_1446932628734529,LIKE,763439883702735
340,960782227349574,960782227349574_1446931548734637,LIKE,1174090949287458
341,960782227349574,960782227349574_1446931548734637,LIKE,1057307547745551
342,960782227349574,960782227349574_1446931548734637,LIKE,145503699154015
343,960782227349574,960782227349574_1446931548734637,LIKE,1195239797223339
344,960782227349574,960782227349574_1446931548734637,LIKE,396132237468566
345,960782227349574,960782227349574_1446931548734637,LIKE,285606921887612
346,960782227349574,960782227349574_1446931548734637,LOVE,763439883702735
347,960782227349574,960782227349574_1446518688775923,LIKE,1174090949287458
348,960782227349574,960782227349574_1446518688775923,LIKE,1521633401393351
349,960782227349574,960782227349574_1446518688775923,LIKE,763439883702735
350,960782227349574,960782227349574_1446518688775923,LIKE,396132237468566
351,960782227349574,960782227349574_1446518688775923,LIKE,145503699154015
352,960782227349574,960782227349574_1446405912120534,LIKE,1174090949287458
353,960782227349574,960782227349574_1446405912120534,LIKE,856323141051689
354,960782227349574,960782227349574_1446405912120534,LIKE,10152570285156025
355,960782227349574,960782227349574_1446405912120534,LIKE,396132237468566
356,960782227349574,960782227349574_1446405912120534,LIKE,763439883702735
357,960782227349574,960782227349574_1446405912120534,LIKE,10203758288021794
358,960782227349574,960782227349574_1446405912120534,LIKE,285606921887612
359,960782227349574,960782227349574_1445693098858482,LIKE,1174090949287458
360,960782227349574,960782227349574_1445693098858482,LIKE,770052749694117
361,960782227349574,960782227349574_1445693098858482,LIKE,10152570285156025
362,960782227349574,960782227349574_1445693098858482,LIKE,763439883702735
363,960782227349574,960782227349574_1445693098858482,LIKE,285606921887612
364,960782227349574,960782227349574_1445693098858482,LIKE,396132237468566
365,960782227349574,960782227349574_1430919870335805,LIKE,1174090949287458
366,960782227349574,960782227349574_1430919870335805,LIKE,326733180807677
367,960782227349574,960782227349574_1430919870335805,LIKE,1572991399645888
368,960782227349574,960782227349574_1430919870335805,LIKE,1521633401393351
369,960782227349574,960782227349574_1430919870335805,LIKE,872169656127225
370,960782227349574,960782227349574_1430919870335805,LIKE,1455813611357599
371,960782227349574,960782227349574_1430919870335805,LIKE,303017169873675
372,960782227349574,960782227349574_1430919870335805,LIKE,396132237468566
373,960782227349574,960782227349574_1430919870335805,LIKE,10203758288021794
374,960782227349574,960782227349574_1430919870335805,LIKE,763439883702735
375,960782227349574,960782227349574_1430919870335805,LIKE,738980719488617
376,960782227349574,960782227349574_1430919870335805,LIKE,10205664065631414
377,960782227349574,960782227349574_1430919870335805,LIKE,10153527526807067
378,960782227349574,960782227349574_1430919870335805,LIKE,10205788212678627
379,960782227349574,960782227349574_1430919870335805,LIKE,10152943265180903
380,960782227349574,960782227349574_1430919870335805,LIKE,848176991868281
381,960782227349574,960782227349574_1430919870335805,LIKE,285606921887612
382,960782227349574,960782227349574_1413685588725900,LIKE,1174090949287458
383,960782227349574,960782227349574_1413685588725900,LIKE,827452690661908
384,960782227349574,960782227349574_1413685588725900,LIKE,396132237468566
385,960782227349574,960782227349574_1413685588725900,LIKE,861545977268142
386,960782227349574,960782227349574_1413685588725900,LIKE,285606921887612
387,960782227349574,960782227349574_1411577455603380,LIKE,1174090949287458
388,960782227349574,960782227349574_1411577455603380,LIKE,582191858548807
389,960782227349574,960782227349574_1411577455603380,LIKE,763439883702735
390,960782227349574,960782227349574_1411577455603380,LIKE,285606921887612
391,960782227349574,960782227349574_1409172542510538,LIKE,761488710588468
392,960782227349574,960782227349574_1409172542510538,LIKE,1174090949287458
393,960782227349574,960782227349574_1409172542510538,LIKE,285606921887612
394,960782227349574,960782227349574_1409172542510538,LIKE,10203758288021794
395,960782227349574,960782227349574_1409172542510538,LIKE,396132237468566
396,960782227349574,960782227349574_1409172542510538,LIKE,582191858548807
397,960782227349574,960782227349574_1409172542510538,LIKE,763439883702735
398,960782227349574,960782227349574_1404916662936126,LIKE,396132237468566
399,960782227349574,960782227349574_1404916662936126,LIKE,10153527526807067
400,960782227349574,960782227349574_1404916662936126,LIKE,763439883702735
401,960782227349574,960782227349574_1404916662936126,LIKE,285606921887612
402,960782227349574,960782227349574_1404916662936126,LIKE,10203758288021794
403,960782227349574,960782227349574_1401459356615190,LIKE,360521577665620
404,960782227349574,960782227349574_1401459356615190,LIKE,974492475924205
405,960782227349574,960782227349574_1401459356615190,LIKE,217062441998322
406,960782227349574,960782227349574_1401459356615190,LIKE,582191858548807
407,960782227349574,960782227349574_1401459356615190,LIKE,763439883702735
408,960782227349574,960782227349574_1401459356615190,LIKE,285606921887612
409,960782227349574,960782227349574_1401459356615190,LIKE,10203758288021794
410,960782227349574,960782227349574_1401459356615190,LIKE,10204053770497569
411,960782227349574,960782227349574_1401459356615190,LIKE,396132237468566
412,960782227349574,960782227349574_1401459356615190,LIKE,145503699154015
413,960782227349574,960782227349574_1392775637483562,LIKE,784469044978347
414,960782227349574,960782227349574_1392775637483562,LIKE,10203822409472627
415,960782227349574,960782227349574_1392775637483562,LIKE,857778274263377
416,960782227349574,960782227349574_1392775637483562,LOVE,10152428612112604
417,960782227349574,960782227349574_1392775637483562,LIKE,10203984512787579
418,960782227349574,960782227349574_1392775637483562,LIKE,763439883702735
419,960782227349574,960782227349574_1392775637483562,LIKE,1433909830217320
420,960782227349574,960782227349574_1392775637483562,LIKE,145503699154015
421,960782227349574,960782227349574_1392775637483562,LIKE,285606921887612
422,960782227349574,960782227349574_1389657004462092,LIKE,10154593384058327
423,960782227349574,960782227349574_1389657004462092,LIKE,10152809637633692
424,960782227349574,960782227349574_1389657004462092,LIKE,1414127822241672
425,960782227349574,960782227349574_1389657004462092,LIKE,763439883702735
426,960782227349574,960782227349574_1385400698221056,LIKE,10154587131350527
427,960782227349574,960782227349574_1385400698221056,LIKE,10152570285156025
428,960782227349574,960782227349574_1385400698221056,LIKE,145503699154015
429,960782227349574,960782227349574_1385400698221056,LIKE,285606921887612
430,960782227349574,960782227349574_1385400698221056,LIKE,396132237468566
431,960782227349574,960782227349574_1385400698221056,LIKE,763439883702735
432,960782227349574,960782227349574_1384299871664472,LIKE,763439883702735
433,960782227349574,960782227349574_1384299871664472,LIKE,285606921887612
434,960782227349574,960782227349574_1384299871664472,LIKE,10203758288021794
435,960782227349574,960782227349574_1384299871664472,WOW,10152428612112604
436,960782227349574,960782227349574_1384299871664472,LIKE,10152570285156025
437,960782227349574,960782227349574_1384299871664472,LIKE,396132237468566
438,960782227349574,960782227349574_1384299871664472,LIKE,582191858548807
439,960782227349574,960782227349574_1384299871664472,LIKE,827452690661908
440,960782227349574,960782227349574_1380383292056130,LIKE,774996335938413
441,960782227349574,960782227349574_1380383292056130,LIKE,229535654113439
442,960782227349574,960782227349574_1380383292056130,LIKE,629225420511108
443,960782227349574,960782227349574_1380383292056130,LIKE,733357723418490
444,960782227349574,960782227349574_1380383292056130,LIKE,275304252924561
445,960782227349574,960782227349574_1380383292056130,LIKE,232181917306697
446,960782227349574,960782227349574_1380383292056130,LIKE,1775881089306442
447,960782227349574,960782227349574_1380383292056130,LIKE,213232265692865
448,960782227349574,960782227349574_1380383292056130,LIKE,226269734494445
449,960782227349574,960782227349574_1380383292056130,LIKE,425807640951466
450,960782227349574,960782227349574_1380383292056130,LIKE,775580172525306
451,960782227349574,960782227349574_1380383292056130,LIKE,712326252187964
452,960782227349574,960782227349574_1380383292056130,LIKE,627910300648220
453,960782227349574,960782227349574_1380383292056130,LIKE,145691406007295
454,960782227349574,960782227349574_1380383292056130,LIKE,675208475905607
455,960782227349574,960782227349574_1380383292056130,LIKE,689432037818630
456,960782227349574,960782227349574_1380383292056130,LIKE,287237294973354
457,960782227349574,960782227349574_1380383292056130,LIKE,980506151978537
458,960782227349574,960782227349574_1380383292056130,LIKE,689966177787541
459,960782227349574,960782227349574_1380383292056130,LIKE,10204744825318618
460,960782227349574,960782227349574_1380383292056130,LIKE,1796837587243535
461,960782227349574,960782227349574_1380383292056130,LIKE,1780862862137987
462,960782227349574,960782227349574_1380383292056130,LIKE,1552278065014775
463,960782227349574,960782227349574_1380383292056130,LIKE,733138696769765
464,960782227349574,960782227349574_1380383292056130,LIKE,1501345926813052
465,960782227349574,960782227349574_1380383292056130,LIKE,4008340422184
466,960782227349574,960782227349574_1380383292056130,LIKE,10202804040940574
467,960782227349574,960782227349574_1380383292056130,LIKE,819352041457222
468,960782227349574,960782227349574_1380383292056130,LIKE,1522349994684275
469,960782227349574,960782227349574_1380383292056130,LIKE,123162948045361
470,960782227349574,960782227349574_1380383292056130,LIKE,4188082157518
471,960782227349574,960782227349574_1380383292056130,LIKE,335341043323416
472,960782227349574,960782227349574_1380383292056130,LIKE,1511020859142482
473,960782227349574,960782227349574_1380383292056130,LIKE,10203418435316676
474,960782227349574,960782227349574_1380383292056130,LIKE,10201902691483800
475,960782227349574,960782227349574_1380383292056130,LIKE,327494844108912
476,960782227349574,960782227349574_1380383292056130,LIKE,688083384602248
477,960782227349574,960782227349574_1380383292056130,LIKE,744138679007559
478,960782227349574,960782227349574_1380383292056130,LIKE,1549848218577808
479,960782227349574,960782227349574_1380383292056130,LIKE,355767094604887
480,960782227349574,960782227349574_1380383292056130,LIKE,746038062132370
481,960782227349574,960782227349574_1380383292056130,LIKE,1568373156727728
482,960782227349574,960782227349574_1380383292056130,LIKE,950717224945752
483,960782227349574,960782227349574_1380383292056130,LIKE,356800694677511
484,960782227349574,960782227349574_1380383292056130,LIKE,265052573910718
485,960782227349574,960782227349574_1380383292056130,LIKE,750713268336153
486,960782227349574,960782227349574_1380383292056130,LIKE,10201660739313139
487,960782227349574,960782227349574_1380383292056130,LIKE,914084001948946
488,960782227349574,960782227349574_1380383292056130,LIKE,158630451333393
489,960782227349574,960782227349574_1380383292056130,LIKE,129097784213549
490,960782227349574,960782227349574_1380383292056130,LIKE,1847009012251452
491,960782227349574,960782227349574_1380383292056130,LIKE,650358938376590
492,960782227349574,960782227349574_1380383292056130,LIKE,367350723428480
493,960782227349574,960782227349574_1380383292056130,LIKE,882319658502113
494,960782227349574,960782227349574_1380383292056130,LIKE,704063226374763
495,960782227349574,960782227349574_1380383292056130,LIKE,10152291742682946
496,960782227349574,960782227349574_1380383292056130,LIKE,472033132992290
497,960782227349574,960782227349574_1380383292056130,LIKE,916420811806516
498,960782227349574,960782227349574_1380383292056130,LIKE,355607871262928
499,960782227349574,960782227349574_1380383292056130,LIKE,1529779853972615
500,960782227349574,960782227349574_1380383292056130,LIKE,277685872606322
501,960782227349574,960782227349574_1380383292056130,LIKE,1590313951110018
502,960782227349574,960782227349574_1380383292056130,LIKE,210404455980280
503,960782227349574,960782227349574_1380383292056130,LIKE,131133020762893
504,960782227349574,960782227349574_1380383292056130,LIKE,168214163663701
505,960782227349574,960782227349574_1380383292056130,LIKE,1528553090767387
506,960782227349574,960782227349574_1380383292056130,LIKE,1554486471454307
507,960782227349574,960782227349574_1380383292056130,LIKE,819685508075943
508,960782227349574,960782227349574_1380383292056130,LIKE,885594314818347
509,960782227349574,960782227349574_1380383292056130,LIKE,10152943265180903
510,960782227349574,960782227349574_1380383292056130,LIKE,803840082995397
511,960782227349574,960782227349574_1380383292056130,LIKE,1467444733547785
512,960782227349574,960782227349574_1380383292056130,LIKE,196521260842149
513,960782227349574,960782227349574_1380383292056130,LIKE,143677069422301
514,960782227349574,960782227349574_1380383292056130,LIKE,756038581113837
515,960782227349574,960782227349574_1380383292056130,LIKE,616543061782789
516,960782227349574,960782227349574_1380383292056130,LIKE,559199730885270
517,960782227349574,960782227349574_1380383292056130,LIKE,591678597614862
518,960782227349574,960782227349574_1380383292056130,LIKE,763737780341356
519,960782227349574,960782227349574_1380383292056130,LIKE,10152741614668363
520,960782227349574,960782227349574_1380383292056130,LIKE,928456493838491
521,960782227349574,960782227349574_1380383292056130,LIKE,695979220515257
522,960782227349574,960782227349574_1380383292056130,LIKE,788447304535529
523,960782227349574,960782227349574_1380383292056130,LIKE,816836618378126
524,960782227349574,960782227349574_1380383292056130,LIKE,172813459763738
525,960782227349574,960782227349574_1380383292056130,LIKE,781835645193678
526,960782227349574,960782227349574_1380383292056130,LIKE,1835006916771557
527,960782227349574,960782227349574_1380383292056130,LIKE,168910340191465
528,960782227349574,960782227349574_1380383292056130,LIKE,841840752548678
529,960782227349574,960782227349574_1380383292056130,LIKE,10203387466148193
530,960782227349574,960782227349574_1380383292056130,LIKE,1539340119622295
531,960782227349574,960782227349574_1380383292056130,LIKE,251409178362809
532,960782227349574,960782227349574_1380383292056130,LIKE,177769466025356
533,960782227349574,960782227349574_1380383292056130,LIKE,654522441297802
534,960782227349574,960782227349574_1380383292056130,LIKE,861920650494652
535,960782227349574,960782227349574_1380383292056130,LIKE,549273511839213
536,960782227349574,960782227349574_1380383292056130,LIKE,821854831207237
537,960782227349574,960782227349574_1380383292056130,LIKE,794962877217001
538,960782227349574,960782227349574_1380383292056130,LIKE,470358716437472
539,960782227349574,960782227349574_1380383292056130,LIKE,248153738937601
540,960782227349574,960782227349574_1380383292056130,LIKE,622441737866534
541,960782227349574,960782227349574_1380383292056130,LIKE,735444396496619
542,960782227349574,960782227349574_1380383292056130,LIKE,608453375948829
543,960782227349574,960782227349574_1380383292056130,LIKE,732384976834176
544,960782227349574,960782227349574_1380383292056130,LIKE,909145955803984
545,960782227349574,960782227349574_1380383292056130,LIKE,10153292585157008
546,960782227349574,960782227349574_1380383292056130,LIKE,235167113602166
547,960782227349574,960782227349574_1380383292056130,LIKE,260762247427638
548,960782227349574,960782227349574_1380383292056130,LIKE,169010263553229
549,960782227349574,960782227349574_1380383292056130,LIKE,123366801558800
550,960782227349574,960782227349574_1380383292056130,LIKE,750996458257637
551,960782227349574,960782227349574_1380383292056130,LIKE,808940425831441
552,960782227349574,960782227349574_1380383292056130,WOW,10204150329586748
553,960782227349574,960782227349574_1380383292056130,LIKE,697751530322965
554,960782227349574,960782227349574_1380383292056130,LIKE,446386725535974
555,960782227349574,960782227349574_1380383292056130,LIKE,168697376849326
556,960782227349574,960782227349574_1380383292056130,LIKE,779379435430618
557,960782227349574,960782227349574_1380383292056130,LIKE,119462501941302
558,960782227349574,960782227349574_1380383292056130,LIKE,133780253715687
559,960782227349574,960782227349574_1380383292056130,LIKE,797129660339806
560,960782227349574,960782227349574_1380383292056130,LIKE,761810183878691
561,960782227349574,960782227349574_1380383292056130,LIKE,1102589799756129
562,960782227349574,960782227349574_1380383292056130,LIKE,1050684731626348
563,960782227349574,960782227349574_1380383292056130,LIKE,10154554499900317
564,960782227349574,960782227349574_1380383292056130,LIKE,726626547376629
565,960782227349574,960782227349574_1380383292056130,LIKE,10203341373796152
566,960782227349574,960782227349574_1380383292056130,LIKE,190627374790051
567,960782227349574,960782227349574_1380383292056130,LOVE,10154072259263986
568,960782227349574,960782227349574_1380383292056130,LIKE,690619221058158
569,960782227349574,960782227349574_1380383292056130,LIKE,574815879313367
570,960782227349574,960782227349574_1380383292056130,LIKE,583841618410363
571,960782227349574,960782227349574_1380383292056130,LIKE,238729646332569
572,960782227349574,960782227349574_1380383292056130,LIKE,713091005447776
573,960782227349574,960782227349574_1380383292056130,LIKE,236569746873519
574,960782227349574,960782227349574_1380383292056130,LIKE,757029661009245
575,960782227349574,960782227349574_1380383292056130,LIKE,612617918858052
576,960782227349574,960782227349574_1380383292056130,LIKE,10201968545694535
577,960782227349574,960782227349574_1380383292056130,LIKE,784469044978347
578,960782227349574,960782227349574_1380383292056130,LIKE,10205492565179302
579,960782227349574,960782227349574_1380383292056130,LIKE,776192735749103
580,960782227349574,960782227349574_1380383292056130,LIKE,368128676671825
581,960782227349574,960782227349574_1380383292056130,LIKE,626207224155983
582,960782227349574,960782227349574_1380383292056130,LIKE,10203300395888823
583,960782227349574,960782227349574_1380383292056130,LIKE,749309751830264
584,960782227349574,960782227349574_1380383292056130,LIKE,390583717777831
585,960782227349574,960782227349574_1380383292056130,LIKE,871518486201108
586,960782227349574,960782227349574_1380383292056130,LIKE,1032522623428264
587,960782227349574,960782227349574_1380383292056130,LIKE,323390921185399
588,960782227349574,960782227349574_1380383292056130,LIKE,872089829508853
589,960782227349574,960782227349574_1380383292056130,LIKE,869698583094129
590,960782227349574,960782227349574_1380383292056130,LIKE,814998858559351
591,960782227349574,960782227349574_1380383292056130,LIKE,853076574718775
592,960782227349574,960782227349574_1380383292056130,LIKE,153200895099443
593,960782227349574,960782227349574_1380383292056130,LIKE,10204866652573597
594,960782227349574,960782227349574_1380383292056130,LIKE,1406916279600602
595,960782227349574,960782227349574_1380383292056130,LIKE,872540732779990
596,960782227349574,960782227349574_1380383292056130,LIKE,947876711920967
597,960782227349574,960782227349574_1380383292056130,LIKE,735734373143284
598,960782227349574,960782227349574_1380383292056130,LIKE,10203360791634682
599,960782227349574,960782227349574_1380383292056130,LIKE,10202412150047202
600,960782227349574,960782227349574_1380383292056130,LIKE,804129889638187
601,960782227349574,960782227349574_1380383292056130,LIKE,1531871110400529
602,960782227349574,960782227349574_1380383292056130,LIKE,819893021373157
603,960782227349574,960782227349574_1380383292056130,LIKE,133106263792241
604,960782227349574,960782227349574_1380383292056130,LIKE,689919801069857
605,960782227349574,960782227349574_1380383292056130,LIKE,697433213626995
606,960782227349574,960782227349574_1380383292056130,LIKE,738980719488617
607,960782227349574,960782227349574_1380383292056130,LIKE,615119068621202
608,960782227349574,960782227349574_1380383292056130,LIKE,812706268794456
609,960782227349574,960782227349574_1380383292056130,LIKE,311015425731059
610,960782227349574,960782227349574_1380383292056130,LIKE,145300599179687
611,960782227349574,960782227349574_1380383292056130,LIKE,716128651794364
612,960782227349574,960782227349574_1380383292056130,LIKE,1236499506388576
613,960782227349574,960782227349574_1380383292056130,LIKE,865434396887333
614,960782227349574,960782227349574_1380383292056130,LIKE,198689870512156
615,960782227349574,960782227349574_1380383292056130,LIKE,420182384802632
616,960782227349574,960782227349574_1380383292056130,LIKE,1610382085897841
617,960782227349574,960782227349574_1380383292056130,LIKE,617917951668309
618,960782227349574,960782227349574_1380383292056130,LOVE,744798025592378
619,960782227349574,960782227349574_1380383292056130,LIKE,244339209403850
620,960782227349574,960782227349574_1380383292056130,LIKE,178613689142347
621,960782227349574,960782227349574_1380383292056130,LIKE,880005138688373
622,960782227349574,960782227349574_1380383292056130,LIKE,112713315832583
623,960782227349574,960782227349574_1380383292056130,LIKE,691758584285425
624,960782227349574,960782227349574_1380383292056130,LIKE,150643828734744
625,960782227349574,960782227349574_1380383292056130,LIKE,879251792119848
626,960782227349574,960782227349574_1380383292056130,LIKE,573411686127094
627,960782227349574,960782227349574_1380383292056130,LIKE,643590059126731
628,960782227349574,960782227349574_1380383292056130,LIKE,920871637974887
629,960782227349574,960782227349574_1380383292056130,LIKE,627129850721952
630,960782227349574,960782227349574_1380383292056130,LIKE,907797152610913
631,960782227349574,960782227349574_1380383292056130,LIKE,10205434638603782
632,960782227349574,960782227349574_1380383292056130,LIKE,10152566966621951
633,960782227349574,960782227349574_1380383292056130,LIKE,396132237468566
634,960782227349574,960782227349574_1380383292056130,LIKE,763439883702735
635,960782227349574,960782227349574_1380383292056130,LIKE,582191858548807
636,960782227349574,960782227349574_1380383292056130,LIKE,145503699154015
637,960782227349574,960782227349574_1380383292056130,LIKE,285606921887612
638,960782227349574,960782227349574_1380383292056130,LIKE,10203758288021794
