,comment_body,page_id,post_id,user_id
0,‡∏´‡∏¥‡∏ß‡πÄ‡∏õ‡πá‡∏î‡πÄ‡∏´‡∏°‡∏∑‡∏≠‡∏ô‡∏Å‡∏±‡∏ô üòã,366743047016721,427521930787483_712824862257187,831816870196953
1,Sophon NilpumTossaporn Pea Nilpum,366743047016721,427521930787483_712824862257187,217150118812089
2,‡∏Ç‡∏≠‡∏ö‡∏Ñ‡∏∏‡∏ì‡∏°‡∏≤‡∏Å‡∏ô‡∏∞‡∏Ñ‡πâ‡∏≤üòç,366743047016721,427521930787483_711255732414100,1583633978318513
3,,366743047016721,427521930787483_711255732414100,10152389918540310
4,üòÉ‡∏ô‡πà‡∏≤‡∏ó‡∏≤‡∏ô‡∏°‡∏≤‡∏Å‡πÜ‡∏Ñ‡πà‡∏∞,366743047016721,427521930787483_711255732414100,1145917325469232
5,Tanatchaya Suansuk Priw Pattanasiri Patitta Keawkhum,366743047016721,427521930787483_706593646213642,975254375832994
6,Nedchanok Sakaew Aksornsri Luangdetch Sarayut Sumransuk KA Ton,366743047016721,427521930787483_706593646213642,577305662414350
7,Kasidis Thammapornsakul,366743047016721,427521930787483_706593646213642,632608153486395
8,Nareerat Pumamü§§,366743047016721,427521930787483_706593646213642,735984876481139
9,,366743047016721,427521930787483_706593646213642,1439661986346110
10,,366743047016721,427521930787483_706593646213642,1439661986346110
11,Chayanee Net Intharawichean‡πÉ‡∏Å‡∏•‡πâ‡∏°‡∏´‡∏¥‡∏î‡∏•,366743047016721,427521930787483_706593646213642,388153844675460
12,Puttan Benja ‡∏ô‡πâ‡∏≠‡∏á‡∏≠‡∏¢‡∏≤‡∏Å‡∏Å‡∏¥‡∏ô‡∏≠‡πà‡∏∞,366743047016721,427521930787483_706593646213642,10203003037671349
13,‡∏ô‡πà‡∏≤‡∏Å‡∏∑‡∏ô‡∏ó‡∏∏‡∏Å‡πÜ‡∏≠‡∏¢‡πà‡∏≤‡∏á‡πÄ‡∏•‡∏¢,366743047016721,427521930787483_706593646213642,135576330422390
14,Naret Nokkaew Tiyawatwittayta,366743047016721,427521930787483_706593646213642,1060644007283956
15,Pichada Chaisiri ‡πÄ‡∏à‡πâ‡∏à‡πã‡∏≤,366743047016721,427521930787483_706593646213642,1587339064832531
16,Chalida Khewongart Ittipon Numwong ‡∏°‡∏µ‡∏Ñ‡∏ô‡∏ö‡∏≠‡∏Å‡∏ß‡πà‡∏≤‡∏Å‡∏¥‡∏ô‡∏ä‡∏µ‡∏™‡∏à‡∏∞‡πÄ‡∏õ‡πá‡∏ô‡∏≠‡∏°‡∏ï‡∏∞,366743047016721,427521930787483_706593646213642,822849884441759
17,Orm Prommas,366743047016721,427521930787483_706593646213642,10204579854723865
18,Atiyani Yensuang ‡∏û‡∏µ‡πà‡∏´‡∏¥‡∏ß‡∏ß‡∏ß,366743047016721,427521930787483_706593646213642,762672027144275
19,Mint Tmkssr,366743047016721,427521930787483_706593646213642,10202804897995157
20,Phattaraporn Sunanda ‡πÑ‡∏°‡πà‡∏¢‡∏±‡∏Å‡∏£‡∏∏‡πâ‡∏ß‡πà‡∏≤‡∏°‡∏µ,366743047016721,427521930787483_706593646213642,10206301982022824
21,Pangpunss Kd,366743047016721,427521930787483_706593646213642,186858565154151
22,Supatchara Chatpun,366743047016721,427521930787483_706593646213642,828198747226411
23,Kulnut Herunwannapong Amonnat Tengputtipong ‡∏û‡∏≤‡πÄ‡∏£‡∏≤‡∏Å‡∏¥‡∏ô‡∏ô‡∏ô‡πÇ‡∏´‡∏ô‡πà‡∏¢‡∏¢,366743047016721,427521930787483_706593646213642,959264340756334
24,Poy Panchanit ‡∏≠‡∏¢‡∏≤‡∏Å‡πÑ‡∏õ‡∏Å‡∏±‡∏ö‡πÄ‡∏û‡∏∑‡πà‡∏≠‡∏ô‡∏ö‡πâ‡∏≤‡∏á,366743047016721,427521930787483_706593646213642,232379200493683
25,Nuttanit Limlikhitaksorn,366743047016721,427521930787483_706593646213642,10206707291747855
26,Wanchai Jiaraphark,366743047016721,427521930787483_706593646213642,354603491361590
27,Siriton Khemthong,366743047016721,427521930787483_706593646213642,749691825115661
28,Tidtee Suradin Lookkate Sarunya Khuntiptong,366743047016721,427521930787483_706593646213642,817227241657482
29,Fong Fah,366743047016721,427521930787483_706593646213642,969686753061240
30,Ployiiz Kao,366743047016721,427521930787483_706593646213642,969686753061240
31,Aey Peerakant ‡∏û‡∏≤‡πÑ‡∏õ‡∏Å‡∏¥‡∏ô‡∏´‡∏ô‡πà‡∏≠‡∏¢,366743047016721,427521930787483_706593646213642,483824981807300
32,Bongkoch Kothong,366743047016721,427521930787483_704649706408036,10203493715769473
33,‡πÅ‡∏î‡∏Å‡πÑ‡∏£‡πÄ‡∏Å‡∏£‡∏á‡πÉ‡∏à‡∏Å‡∏±‡∏ô‡∏ö‡πâ‡∏≤‡∏á555,366743047016721,427521930787483_703849036488103,185124485213880
34,‡πÅ‡∏≠‡∏î ‡πÅ‡∏î‡∏Å‡πÄ‡∏õ‡πá‡∏î‡πÅ‡∏•‡πâ‡∏ß‡πÄ‡∏î‡∏¥‡∏ô‡πÑ‡∏õ‡∏≠‡∏≠‡∏Å‡∏Å‡∏≥‡∏•‡∏±‡∏á‡∏Å‡∏≤‡∏¢‡∏î‡πâ‡∏ß‡∏¢ ‡∏Ç‡πâ‡∏≤‡∏á‡∏£‡πâ‡∏≤‡∏ô‡πÄ‡∏õ‡πá‡∏î‡∏°‡∏µ Fitness,366743047016721,427521930787483_703849036488103,759440924110161
35,‡∏ô‡πà‡∏≤‡∏Å‡∏¥‡∏ô‡πÜ‡πÜ ‡πÄ‡∏´‡πá‡∏ô‡πÅ‡∏•‡πâ‡∏ß‡∏ô‡∏≥‡πâ‡∏•‡∏≤‡∏¢‡πÑ‡∏´‡∏•‡πÄ‡∏•‡∏¢ 5555,366743047016721,427521930787483_703849036488103,1145917325469232
36,‡∏≠‡∏£‡πà‡∏≠‡∏¢‡∏à‡∏£‡∏¥‡∏á‡∏£‡πâ‡∏≤‡∏ô‡∏ô‡∏µ‡πâ‡πÑ‡∏™‡πâ‡πÄ‡∏õ‡πá‡∏î‡πÇ‡∏Ñ‡∏ï‡∏£‡∏ä‡∏≠‡∏ö,366743047016721,427521930787483_703849036488103,469691716505012
37,‡∏≠‡∏¢‡∏π‡πà‡∏ï‡∏£‡∏á‡πÑ‡∏´‡∏ô‡πÅ‡∏≠‡∏î,366743047016721,427521930787483_703849036488103,845512225473469
38,Pairpair SittisathapornkulVivid KhumngrenFon Somrudee Nakglud,366743047016721,427521930787483_703849036488103,760208764035117
39,‡∏ä‡∏ô‡∏¥‡∏î‡∏≤ ‡∏´‡∏∏‡πà‡∏ô‡∏ô‡∏≠‡∏Å  Jah Yurakanya,366743047016721,427521930787483_703849036488103,896245550388428
40,‡πÑ‡∏°‡πà‡∏ä‡∏≠‡∏ö‡∏Å‡∏¥‡∏ô‡πÄ‡∏õ‡πá‡∏î‡∏û‡∏∞‡πÇ‡∏•‡πâ‡πÅ‡∏ï‡πà‡∏ä‡∏≠‡∏ö‡∏Å‡∏¥‡∏ô‡∏Å‡πã‡∏ß‡∏¢‡πÄ‡∏ï‡∏µ‡πã‡∏¢‡∏ß‡πÄ‡∏õ‡πá‡∏î‡∏à‡πâ‡∏∞,366743047016721,427521930787483_703849036488103,934715146578500
41,,366743047016721,427521930787483_703416639864676,504493079691442
42,Oum Kanokwan,366743047016721,427521930787483_703416639864676,585450038227438
43,,366743047016721,427521930787483_703416639864676,504493079691442
44,‡πÇ‡∏≠‡πâ‡∏¢‡∏¢‡∏¢...‡∏à‡∏∞‡πÑ‡∏°‡πà‡∏ó‡∏ô555,366743047016721,427521930787483_703416639864676,185124485213880
45,Tiwa Kaewkanjana,366743047016721,427521930787483_703416639864676,951669901546665
46,‡∏ô‡πà‡∏≤‡∏Å‡∏¥‡∏ô‡∏Ñ‡πà‡∏∞,366743047016721,427521930787483_703416639864676,131351070928836
47,Mk ‡∏°‡∏µ‡∏´‡∏°‡∏π‡∏Å‡∏£‡∏≠‡∏ö‡∏î‡πâ‡∏ß‡∏¢‡∏´‡∏£‡∏≤,366743047016721,427521930787483_703416639864676,1400249106966691
48,‡∏ô‡πà‡∏≤‡∏Å‡∏¥‡∏ô‡∏ï‡∏£‡∏á‡∏™‡∏≤‡∏°‡∏ä‡∏±‡πâ‡∏ô,366743047016721,427521930787483_703416639864676,1514975302105960
49,Noppadol Yommana,366743047016721,427521930787483_703416639864676,494140107395642
50,‡πÄ‡∏ï‡∏µ‡πã‡∏¢‡∏ß‡∏û‡∏≠‡∏£‡πå‡∏ó ‡∏ó‡πà‡∏≤‡πÄ‡∏£‡∏∑‡∏≠‡πÄ‡∏≠‡∏ü‡∏ã‡∏µ,366743047016721,427521930787483_703416639864676,754761731244282
51,‡∏Ç‡∏≠‡∏á‡πÇ‡∏õ‡∏£‡∏î‡πÄ‡∏•‡∏¢,366743047016721,427521930787483_703416639864676,1145917325469232
52,Monmanas Khun,366743047016721,427521930787483_702341979972142,871046106247058
53,Wowwww Apicha Soontornchai,366743047016721,427521930787483_702341979972142,10152654481008923
54,Waranya Arf,366743047016721,427521930787483_702341979972142,1037129546316704
55,‡∏ô‡πà‡∏≤‡∏Å‡∏¥‡∏ô‡∏°‡∏≤‡∏Å‡∏ñ‡∏∂‡∏á‡∏°‡∏≤‡∏Å‡πÄ‡∏•‡∏¢‡∏•‡πà‡∏∞,366743047016721,427521930787483_702341979972142,194102497786072
56,Tawinee Suputtikun CafeDe MMac Prinn Janthanimi,366743047016721,427521930787483_702341979972142,10152146642048737
57,‡πÑ‡∏°‡πà‡πÄ‡∏≠‡∏≤‡∏û‡∏¥‡πÄ‡∏®‡∏©,366743047016721,427521930787483_699009273638746,1618102631794653
58,‡∏ô‡πà‡∏≤‡∏Å‡∏¥‡∏ô‡∏à‡∏±‡∏á,366743047016721,427521930787483_699009273638746,1406511579647954
59,‡∏ô‡∏±‡πà‡∏ô‡∏´‡∏≠‡∏°‡πÉ‡∏´‡∏ç‡πà‡πÉ‡∏ä‡πà‡∏´‡∏£‡∏∑‡∏≠‡πÑ‡∏°‡πà!,366743047016721,427521930787483_699009273638746,10204924971112891
60,‡∏™‡∏ô‡πÉ‡∏à‡∏™‡∏≠‡∏ö‡∏ñ‡∏≤‡∏°‡πÑ‡∏î‡πâ‡∏ó‡∏µ‡πà‡πÄ‡∏û‡∏à‡πÄ‡∏•‡∏¢‡∏Ñ‡∏±‡∏ö üôáüèº,366743047016721,427521930787483_698753106997696,1216875921790875
61,,366743047016721,427521930787483_698320823707591,216235128745508
62,Pairpair Sittisathapornkul,366743047016721,427521930787483_698320823707591,760208764035117
63,‡∏°‡∏≤‡∏Ç‡∏≤‡∏¢‡πÅ‡∏ñ‡∏ß‡∏õ‡∏•‡∏ß‡∏Å‡πÅ‡∏î‡∏á‡∏ö‡πâ‡∏≤‡∏á‡∏î‡∏¥,366743047016721,427521930787483_698320823707591,496541907150734
64,Conlex Sudaporn Juune K. Aujimaa,366743047016721,427521930787483_692836794255994,1400798833577853
65,Carnoons Hyu‡πÄ‡∏ó‡∏≠‡πÜ ‡∏î‡∏π‡∏ô‡∏µ‡πâ‡∏™‡∏¥,366743047016721,427521930787483_690962661110074,1729931710565378
66,Twinstar ZaZa,366743047016721,427521930787483_690962661110074,815581861848177
67,‡∏à‡∏∞‡∏Å‡∏¥‡∏ô‡∏Ñ‡∏ô‡πÄ‡∏î‡∏µ‡∏¢‡∏ß‡πÉ‡∏´‡πâ‡∏´‡∏°‡∏î,366743047016721,427521930787483_690962661110074,10204924971112891
68,‡∏´‡∏¥‡∏ß‡∏ß‡∏ß‡∏ß‡∏ß‡πÄ‡∏•‡∏¢,366743047016721,427521930787483_690962661110074,427521930787483
69,Gaily Chutimar,366743047016721,427521930787483_690962661110074,10152563352593749
70,Thanut TiraviriyapornThuncha NoqqKhemjira Wituchulee ‡∏õ‡πà‡∏≤‡∏ß‡∏´‡∏¥‡∏ß‡∏ô‡∏∞,366743047016721,427521930787483_690962661110074,727706614011815
71,Thanadol Wimolchaijit ‡∏û‡∏π‡∏î‡∏ñ‡∏∂‡∏á‡∏õ‡∏±‡πä‡∏õ‡∏Å‡πá‡∏°‡∏µ‡πÄ‡∏°‡∏ô‡∏π‡πÉ‡∏´‡∏°‡πà,366743047016721,427521930787483_690493444490329,680419052101605
72,Chanida Chanpongpatana Noong Ning Nuttamanut Cheawchaichan,366743047016721,427521930787483_690493444490329,740276536009762
73,PlzDonate To Byx ‡∏™‡∏á‡∏™‡∏±‡∏¢‡∏ï‡πâ‡∏≠‡∏á‡πÑ‡∏õ‡∏≠‡∏µ‡∏Å,366743047016721,427521930787483_690493444490329,725815954192016
74,‡∏ä‡∏¥‡∏ô‡∏ß‡∏±‡∏í‡∏ô‡πå ‡∏ß‡∏±‡∏ô‡∏ô‡∏≤,366743047016721,427521930787483_690493444490329,865777070120513
75,Somsri Saelim,366743047016721,427521930787483_690493444490329,10152867301926303
76,Su'paporn Sillapasas,366743047016721,427521930787483_690493444490329,851576114867487
77,Earn Sirapapa ‡∏≠‡∏¥__‡∏≠‡∏¥,366743047016721,427521930787483_690493444490329,558059657645328
78,Virgofamp Lupza Nithikultanon,366743047016721,427521930787483_690493444490329,10152436448891691
79,Doji Nohpnan,366743047016721,427521930787483_690493444490329,907245882620337
80,Ten Surapas ‡πÄ‡∏Å‡πä‡∏≤‡∏≠‡∏¢‡∏≤‡∏Å‡∏•‡∏≠‡∏á‡∏á‡πà‡∏∞,366743047016721,427521930787483_690493444490329,1456054974632209
81,Pech ‡πÄ‡∏•‡∏µ‡πâ‡∏¢‡∏á‡∏´‡∏ô‡πà‡∏≠‡∏¢,366743047016721,427521930787483_690493444490329,970483956340601
82,Wasuthon Tonabut,366743047016721,427521930787483_690493444490329,1304674052922651
83,Peera Dej ‡πÄ‡∏•‡∏µ‡πâ‡∏¢‡∏á‡∏ó‡∏µ‡πà‡∏ô‡∏µ‡πà‡∏ô‡∏∞,366743047016721,427521930787483_690493444490329,10206938324407565
84,Anniiz' Ann Sirasit Sarapong,366743047016721,427521930787483_690493444490329,907323195968660
85,Kotchakorn Opassirisunthorn ‡πÑ‡∏î‡πâ‡∏Å‡∏¥‡∏ô‡∏ö‡πà,366743047016721,427521930787483_690493444490329,862526337117481
86,Nan Napolitano ‡πÄ‡∏ò‡∏≠‡∏≠‡∏≠‡∏≠‡∏≠‡∏≠‡∏≠‡∏≠‡∏≠‡∏≠‡∏≠‡∏≠‡∏≠‡∏≠,366743047016721,427521930787483_690493444490329,947101851969842
87,Ahiru Goldenfish Kittapop Keesod ‡∏´‡∏≠‡∏¢‡∏¢‡∏¢‡∏¢‡∏¢‡∏¢‡∏¢‡∏¢,366743047016721,427521930787483_690493444490329,1044568498892397
88,Coke Coke Siripakorn Thanat Thanasane Punthawat Ketmalasiri Hero Supawich Chertam Saicheua,366743047016721,427521930787483_690493444490329,818849358135854
89,Myde Siri ‡∏ó‡∏µ‡πÄ‡∏î‡πá‡∏î,366743047016721,427521930787483_690493444490329,10205902511814613
90,Kwanta Takham ‡∏ß‡∏±‡∏ô‡πÄ‡∏Å‡∏¥‡∏î‡πÄ‡∏Ñ‡πâ‡∏≤‡∏Ç‡∏≠‡∏£‡πâ‡∏≤‡∏ô‡∏ô‡∏µ‡πâ‡πÑ‡∏î‡πâ‡πÑ‡∏´‡∏° ‡∏á‡∏∑‡∏≠‡∏≠‡∏≠,366743047016721,427521930787483_690493444490329,149496808919571
91,Ding Chumpon,366743047016721,427521930787483_690493444490329,10152528827239726
92,Luckana Spn,366743047016721,427521930787483_690493444490329,10203244578630275
93,,366743047016721,427521930787483_690493444490329,10200492432350633
94,‡∏≠‡∏±‡∏ô‡∏ô‡∏µ‡πâ‡∏î‡∏µ‡∏Å‡∏ß‡πà‡∏≤ ‡∏ò‡∏µ‡∏£‡∏û‡∏á‡∏®‡πå ‡∏û‡∏£‡∏Å‡∏¥‡∏ï‡∏ï‡∏¥‡πÇ‡∏ä‡∏ï‡∏¥‡πÄ‡∏à‡∏£‡∏¥‡∏ç,366743047016721,427521930787483_690493444490329,929037140446582
95,Buttreeya Rattanamanee,366743047016721,427521930787483_690493444490329,10154993941402323
96,Thanakrit Krit Maharattanamalai,366743047016721,427521930787483_690493444490329,309694302552442
97,Viphssrn TLdecha Torugi Chon Santiya Busapalerk,366743047016721,427521930787483_690493444490329,10152562973259926
98,Ploy Chansate Gamiim Jaidee Jenny WaWa,366743047016721,427521930787483_690493444490329,800908326626062
99,Pischyapa Srisombat ‡∏î‡∏π‡∏£‡∏µ‡∏ß‡∏¥‡∏ß‡πÑ‡∏õ‡∏Å‡πà‡∏≠‡∏ô,366743047016721,427521930787483_690493444490329,675149295904256
100,Nutthajak Jindainnithi,366743047016721,427521930787483_690493444490329,871046106247058
101,‡∏£‡∏≤‡∏Ñ‡∏≤‡∏´‡∏±‡∏ß‡∏•‡∏∞‡πÄ‡∏ó‡πà‡∏≤‡πÑ‡∏´‡∏£‡πà‡∏Ñ‡∏∞,366743047016721,427521930787483_690493444490329,410034649145928
102,Max Shanshai,366743047016721,427521930787483_685229178350089,497448840399556
103,Khemjira WituchuleeThanut TiraviriyapornThuncha Noqq,366743047016721,427521930787483_683554565184217,727706614011815
104,,366743047016721,427521930787483_682390748633932,250888385303360
105,Art Alada ‡∏ô‡πà‡∏≤‡∏™‡∏ô‡πÉ‡∏à‡πÑ‡∏´‡∏°,366743047016721,427521930787483_682390748633932,10152711608677582
106,‡∏ö‡∏∏‡πã‡∏° ‡∏à‡∏≥‡∏´‡∏ô‡πà‡∏≤‡∏¢‡∏Å‡∏£‡∏∞‡∏à‡∏Å‡πÄ‡∏ó‡∏°‡πÄ‡∏õ‡∏≠‡∏£‡πå‡∏•‡∏≤‡∏°‡∏¥‡πÄ‡∏ô‡∏ï,366743047016721,427521930787483_682390748633932,637326049728287
107,‡∏ô‡πà‡∏≤‡∏Å‡∏¥‡∏ô‡∏ô‡∏∞,366743047016721,427521930787483_682390748633932,118318572096205
108,‡πÅ‡∏î‡∏Å‡πÑ‡∏°‡πà‡∏•‡∏á..‡∏≠‡∏¥‡πà‡∏°‡∏à‡∏±‡∏î !,366743047016721,427521930787483_682390748633932,361894610927073
109,‡πÄ‡∏´‡πá‡∏ô‡∏ó‡∏µ‡∏£‡∏≤‡∏°‡∏¥‡∏™‡∏∏. ‡πÇ‡∏≠‡∏¢?  ‡∏≠‡∏¢‡∏≤‡∏Å‡πÅ‡∏î‡∏Å‡πÄ‡∏•‡∏¢,366743047016721,427521930787483_682390748633932,634826709997726
110,‡πÅ‡∏î‡πä‡∏Å‡∏ã‡πå ‡πÑ‡∏°‡πà‡πÑ‡∏î‡πâ‡∏≠‡πà‡∏∞,366743047016721,427521930787483_682390748633932,1485174535134751
111,‡πÄ‡∏õ‡πá‡∏ô‡∏ï‡∏≤‡πÅ‡∏ã‡πà‡∏ö ‡∏ô‡πà‡∏≤‡∏Å‡∏¥‡∏ô‡∏à‡∏±‡∏á,366743047016721,427521930787483_682390748633932,178390159273326
112,,366743047016721,427521930787483_682390748633932,178390159273326
113,‡∏ô‡πà‡∏≤‡∏Å‡∏¥‡∏ô‡∏°‡∏≤‡∏Å‡∏Å‡∏Å‡∏Å,366743047016721,427521930787483_682390748633932,218301372024330
114,Pongsakorn Biawthungnoi,366743047016721,427521930787483_682390748633932,368332800010468
115,‡∏ï‡πâ‡∏≠‡∏á‡πÑ‡∏õ‡∏•‡∏≠‡∏á‡πÅ‡∏•‡πâ‡∏ß,366743047016721,427521930787483_682390748633932,927915393926458
116,Jatupat Prapojanasomboon,366743047016721,427521930787483_682390748633932,546930915507219
117,Annz' Katmoby ‡∏£‡πâ‡∏≤‡∏ô‡∏ô‡∏µ‡πâ‡πÑ‡∏á‡∏ó‡∏µ‡πà‡πÄ‡∏ó‡∏≠‡∏¢‡∏≠‡∏Å,366743047016721,427521930787483_682390748633932,169153843550477
118,Nipawan Ma TeddyKwangYupaluk Kodya,366743047016721,427521930787483_682390748633932,10205539328232576
119,‡∏´‡∏¥‡∏ß‡πÄ‡∏•‡∏¢üò§üò§üò§üò§üò§,366743047016721,427521930787483_682390748633932,201511353644974
120,Yuwanat Suriyod‡πÑ‡∏õ‡∏Å‡∏∞‡πÑ,366743047016721,427521930787483_682390748633932,10204859335502138
121,‡∏´‡∏¥‡∏ß,366743047016721,427521930787483_682390748633932,714508911963951
122,‡∏ô‡πà‡∏≤‡∏≠‡∏£‡πà‡∏≠‡∏¢,366743047016721,427521930787483_682390748633932,582752385191009
123,‡∏Ç‡∏≠‡∏á‡πÇ‡∏õ‡∏î‡∏ä‡∏≠‡∏ö‡∏≠‡∏£‡πà‡∏≠‡∏¢,366743047016721,427521930787483_682390748633932,179848679013892
124,Satitporn Suksangiam,366743047016721,427521930787483_682390748633932,10201598045854874
125,Natt Limjindanuwat Kul Ki,366743047016721,427521930787483_682390748633932,692785177471443
126,‡∏ô‡∏≤‡∏¢ ‡∏ñ‡∏±‡πà‡∏ß‡∏á‡∏≠‡∏Å,366743047016721,427521930787483_682390748633932,1599290640340328
127,Slim Shade,366743047016721,427521930787483_682315131974827,828975170483305
128,Khongkwan K. Sudjai ‡∏°‡∏ô‡∏±‡∏ô‡∏¢‡∏≤ ‡πÅ‡∏à‡πà‡∏°‡∏à‡∏£‡∏±‡∏™ ‡πÑ‡∏õ‡∏•‡∏∏‡∏¢‡∏Å‡∏±‡∏ô‡∏ô‡∏ô‡∏ôüç±üç±,366743047016721,427521930787483_682315131974827,818292744895598
129,Natpreeya Bell Kaewsuwan ‡∏Ñ‡∏ô‡∏Ñ‡∏á‡πÄ‡∏Ç‡πâ‡∏≤‡πÅ‡∏ñ‡∏ß‡∏Å‡∏±‡∏ô‡∏¢‡∏≤‡∏ß‡πÄ‡∏´‡∏¢‡∏µ‡∏¢‡∏î 555,366743047016721,427521930787483_682315131974827,204661840012799
130,Morphine Tmp ‡πÑ‡∏õ‡∏Å‡∏±‡∏ô,366743047016721,427521930787483_682315131974827,1576296245938768
131,‡∏°‡∏∂‡∏á Kittichai Haewpet Natthanicha Sangkhawisut,366743047016721,427521930787483_682315131974827,1579543745611860
132,‡∏°‡∏∑‡∏á! ‡∏™‡∏°‡∏û‡∏µ‡∏ä ‡∏Ñ‡∏¥‡∏î‡∏ß‡πà‡∏≤‡∏à‡∏∞‡∏ú‡∏≠‡∏°,366743047016721,427521930787483_682315131974827,698570703553704
133,‡∏û‡∏•‡∏≤‡∏î‡∏•‡πà‡∏∞ ‡∏ß‡∏±‡∏ô‡∏≠‡∏±‡∏á‡∏Ñ‡∏≤‡∏£ !! ‡∏ï‡πâ‡∏≠‡∏á‡∏•‡∏≤‡∏á‡∏≤‡∏ô‡πÄ‡∏ä‡πâ‡∏≤‡∏™‡∏¥‡∏ô‡∏∞ ‡∏ñ‡∏∂‡∏á‡∏°‡∏µ‡∏™‡∏¥‡∏ó‡∏ò‡∏¥‡πå,366743047016721,427521930787483_682315131974827,10204113863032449
134,Preechaporn Thong-im ‡∏à‡∏±‡∏î‡∏°‡∏∞,366743047016721,427521930787483_682315131974827,707736355990947
135,Adisorn Aum K't IHang ‡∏´‡∏•‡∏ö‡∏´‡∏ô‡πà‡∏≠‡∏¢ ‡∏Å‡∏π‡∏à‡∏∞‡πÄ‡∏Ç‡πâ‡∏≤‡∏õ‡πà‡∏≤ Nipon Phungyu,366743047016721,427521930787483_682315131974827,1592518527699310
136,Peerayut Semapanit  Guy Touchchakorn Flix Blv Krub,366743047016721,427521930787483_682315131974827,10201959226421063
137,Nopphakao Hemvichit 10‡∏ö‡∏≤‡∏ó‡∏ó‡∏µ‡πà‡∏£‡∏±‡∏Å 100‡∏Ñ‡∏ô‡πÅ‡∏£‡∏Å ‡∏ß‡∏±‡∏ô‡∏ó‡∏µ‡πà29‡∏™‡∏¥‡∏á‡∏´‡∏≤  ‡πÑ‡∏õ‡∏ï‡∏≠‡∏ô‡∏´‡πâ‡∏≤‡∏á‡πÄ‡∏õ‡∏¥‡∏î‡πÄ‡∏•‡∏¢‡∏î‡∏µ‡∏°‡∏∞ üòª,366743047016721,427521930787483_682315131974827,155062274927305
138,‡∏Å‡∏∏‡πÑ‡∏õ‡πÄ‡πÄ‡∏ô‡πàSunsarid Aiemudom,366743047016721,427521930787483_682315131974827,678533775534088
139,Chadaporn Sakulborisutsuk,366743047016721,427521930787483_682315131974827,10203166646579831
140,Anun Darawee Preaw Chootchoot Suphamat SU,366743047016721,427521930787483_682315131974827,1635783423315866
141,‡∏ä‡∏¥‡∏ô‡∏ß‡∏±‡∏í‡∏ô‡πå ‡∏ß‡∏±‡∏ô‡∏ô‡∏≤10 ‡∏ö‡∏≤‡∏ó,366743047016721,427521930787483_682315131974827,865777070120513
142,Nuch Boub Take Them Out Tanat Sukprasert ‡∏õ‡πà‡∏∞ ‡∏≠‡∏≠‡∏Å‡∏Å‡πà‡∏≠‡∏ô‡πÄ‡∏ß‡∏•‡∏≤ 555555,366743047016721,427521930787483_682315131974827,10152919352304235
143,Tittaya Eobkang Suchada Nakprasom Kobe Nam,366743047016721,427521930787483_682315131974827,887414527945234
144,Phukrit Srivichit ‡πÇ‡∏™‡∏î ‡πÇ‡∏õ‡∏£‡∏î‡∏ñ‡∏µ‡∏ö ‡πÇ‡∏≠‡πâ‡πÇ‡∏´!!,366743047016721,427521930787483_682315131974827,10203054785745853
145,Da Panyada,366743047016721,427521930787483_682315131974827,10202421340928709
146,Darunee Pongpaprawin ‡πÄ‡∏à‡πâ‡πÑ‡∏õ‡∏Å‡∏±‡∏ô,366743047016721,427521930787483_682315131974827,111820749154100
147,‡∏Æ‡∏±‡πà‡∏á‡∏á‡∏≤‡∏°‡∏ì‡∏µ ‡∏û‡∏£‡∏°‡∏°‡∏∞‡∏à‡∏±‡∏ô Parakon Yodpirom,366743047016721,427521930787483_682315131974827,179071579215508
148,Surapon Seriburi Sorasak Taemsamram ‡∏ß‡∏≠‡πÅ‡∏ß ‡∏ô‡∏∞‡∏à‡πä‡∏∞,366743047016721,427521930787483_682315131974827,916412848373019
149,Somasoul Js,366743047016721,427521930787483_682315131974827,1471987656382373
150,Benew'z Diiz,366743047016721,427521930787483_682315131974827,681642151891029
151,Lee Jinyoung,366743047016721,427521930787483_682315131974827,179071579215508
152,Mint Naa,366743047016721,427521930787483_682315131974827,876309345786926
153,Dreamelody Melody Dearry Suchada Kittitach Chokcharoenying,366743047016721,427521930787483_682315131974827,716061555104001
154,Nam Naraphat,366743047016721,427521930787483_682315131974827,217685591904328
155,Kwannapha Jitrabiab ‡πÅ‡∏ö‡∏°‡πÜ319‡πÄ‡∏≠‡∏á‡∏≠‡∏∞,366743047016721,427521930787483_682315131974827,882028131807734
156,Aekaluk Phakdeenarin,366743047016721,427521930787483_682315131974827,1542803565948652
157,Pimnara Wongluck ‡πÑ‡∏õ‡∏ô‡∏±‡πà‡∏á‡∏£‡∏≠‡∏Å‡πà‡∏≠‡∏ô‡∏´‡πâ‡∏≤‡∏á‡πÄ‡∏õ‡∏¥‡∏î‡πÄ‡∏•‡∏¢‡πÑ‡∏´‡∏°,366743047016721,427521930787483_682315131974827,1627771987434633
158,Kaew Wipwanee Panitha Sutiam,366743047016721,427521930787483_682315131974827,233718150349041
159,Pun Supapitch,366743047016721,427521930787483_682315131974827,921008904577049
160,Namfon Nutnicha,366743047016721,427521930787483_682315131974827,862477283774257
161,Wassana Katop,366743047016721,427521930787483_682315131974827,145118472606067
162,‡πÄ‡∏•‡πá‡∏Å‡∏ô‡πâ‡∏≥ ‡πÑ‡∏°‡πà‡∏á‡∏≠‡∏Å Waratchaya Apple Apple Soda,366743047016721,427521930787483_682315131974827,956423714374151
163,Moo Ammaranan 10 ‡∏ö‡∏≤‡∏ó‡πÄ‡∏≠‡∏á,366743047016721,427521930787483_682315131974827,731890980203374
164,Lookpla Siritharakun ‡∏°‡∏≤‡∏à‡∏±‡∏î‡πÄ‡∏•‡∏¢...‡πÄ‡∏£‡∏ß‡πÜ‡πÜ‡πÜ,366743047016721,427521930787483_682315131974827,132702267213167
165,Acousticman Ployngidz,366743047016721,427521930787483_682315131974827,1485440488412560
166,Cartoon Sirinya ‡∏Å‡∏£‡∏µ‡πâ‡∏î‡∏î‡∏î‡∏î ‡πÄ‡∏ó‡∏≠‡∏Å‡∏¥‡∏ô‡πÄ‡∏ú‡∏∑‡πà‡∏≠‡πÄ‡∏Ñ‡πâ‡∏≤‡∏î‡πâ‡∏ß‡∏¢‡∏ô‡∏∞ 555,366743047016721,427521930787483_682315131974827,10202684663091338
167,‡πÑ‡∏õ‡πÜ‡πÜ‡πÜ‡πÜ,366743047016721,427521930787483_682315131974827,10203693812011239
168,Kanin Athamanolap,366743047016721,427521930787483_682315131974827,10152815963715552
169,Falohn FonPenpichcha TiaranapramotePairy Pairy'üò≥‚ò∫Ô∏è,366743047016721,427521930787483_682315131974827,720378364735640
170,Urailin Gungging Khorboon Chakkapat Suwanthamma ‡πÑ‡∏õ‡πÅ‡∏î‡∏Å‡∏™‡∏∞,366743047016721,427521930787483_682315131974827,10200773232608967
171,Kanyarat Arayakosol ‡∏£‡∏≠‡πÑ‡∏£‡∏•‡πà‡∏∞,366743047016721,427521930787483_682315131974827,805965542791930
172,Pichayanun Nawamongkolwatana,366743047016721,427521930787483_682315131974827,883544624993567
173,‡∏¢‡∏±‡∏¢‡∏à‡∏µ‡πâ ‡∏ï‡∏±‡∏ß‡∏≠‡πâ‡∏ß‡∏ô Tom Phanlee,366743047016721,427521930787483_682315131974827,1120763701296400
174,Nck Ormorms ‡πÑ‡∏õ‡∏ï‡πà‡∏≠‡πÅ‡∏ñ‡∏ß‡∏Å‡∏±‡∏ô‡∏°‡∏±‡πâ‡∏¢‡∏¢‡∏¢‡∏¢,366743047016721,427521930787483_682315131974827,882028131807734
175,Mint Viriyachaicharoenlert,366743047016721,427521930787483_682315131974827,994683417223594
176,‡∏ô‡∏≤‡∏¢ ‡πÅ‡∏™‡∏ô‡∏î‡∏µ,366743047016721,427521930787483_682315131974827,10202839637862904
177,Chayanis ChvrnYada's Chvrn,366743047016721,427521930787483_682315131974827,10202839637862904
178,Wee Wipawee‡πÄ‡∏Ç‡πâ‡∏≤‡πÑ‡∏õ‡∏≠‡πà‡∏≤‡∏ô‡∏•‡∏∞‡πÅ‡∏ó‡πá‡∏Å‡πÄ‡∏°‡∏Å‡∏∞‡∏ï‡∏¥‡∏°‡∏ï‡πà‡∏≠,366743047016721,427521930787483_682315131974827,1486073994939098
179,Aey Chanakarn,366743047016721,427521930787483_682315131974827,10202989684293335
180,‡∏†‡∏±‡∏ó‡∏£‡∏ç‡∏≤ ‡∏™‡∏¥‡∏ó‡∏ò‡∏¥‡∏û‡∏±‡∏ô‡∏ò‡πå Nolaphan Leelakul,366743047016721,427521930787483_682315131974827,1618363221709431
181,‡∏ï‡∏∑‡πà‡∏ô‡πÑ‡∏õ‡∏£‡∏≠‡πÄ‡∏•‡∏¢ Kt Week,366743047016721,427521930787483_682315131974827,1095808450466286
182,Aum Natchayanan Nutchaya Huadseng The'benz Bnz Fang Is Jor'jib Nitiprapa ‡πÑ‡∏õ‡πÅ‡∏î‡∏Å‡∏Å‡∏±‡∏ô,366743047016721,427521930787483_682315131974827,739663969464023
183,‡∏™‡∏∏‡∏†‡∏≤‡∏û‡∏£ ‡∏´‡∏°‡∏ß‡∏¢ ‡∏Ñ‡∏á‡∏®‡∏±‡∏Å‡∏î‡∏¥‡πå ‡∏ö‡∏£‡∏¥‡∏™‡∏∏‡∏ó‡∏ò‡∏¥‡∏£‡∏±‡∏ï‡∏ô‡∏≤ Kip Borisuthiratana,366743047016721,427521930787483_682315131974827,10152657474513897
184,Thatsitang Tarn,366743047016721,427521930787483_682315131974827,800979439943352
185,Be,366743047016721,427521930787483_682315131974827,1467213193545235
186,‡∏®‡∏∏‡∏†‡∏§‡∏Å‡∏©‡πå ‡∏ä‡∏ô‡∏∞‡∏ö‡∏≤‡∏á‡πÅ‡∏Å‡πâ‡∏ß ‡∏ô‡∏µ‡πà !!,366743047016721,427521930787483_682315131974827,1434222953561753
187,Sand Ploypailin,366743047016721,427521930787483_682315131974827,802368756476519
188,Panitporn Nor ‡∏´‡∏ô‡∏≠‡∏≠‡∏≠‡∏≠,366743047016721,427521930787483_682315131974827,10203717246186552
189,JA Peerawith Sirichaicharoen,366743047016721,427521930787483_682315131974827,783815408364525
190,Natpraphat Prompan ‡πÄ‡∏î‡πà‡∏ß‡πÄ‡∏•‡∏µ‡πâ‡∏¢‡∏á‡πÄ‡∏≠‡∏á,366743047016721,427521930787483_682315131974827,10204421156281129
191,‡∏≠‡∏≤‡∏°‡∏µ‡∏ô‡∏≤ ‡∏Ñ‡∏á‡πÅ‡∏Å‡πâ‡∏ß10‡∏ö‡∏≤‡∏ó ‡πÑ‡∏õ‡πÑ‡∏´‡∏°,366743047016721,427521930787483_682315131974827,752350518157303
192,Fluke Piyawat,366743047016721,427521930787483_682315131974827,940825085954612
193,Rawin Reewarabundit,366743047016721,427521930787483_682315131974827,793240740785149
194,Pych Piyachat,366743047016721,427521930787483_682315131974827,143124709387317
195,‡∏´‡∏°‡∏≠‡∏ô ‡∏Ç‡πâ‡∏≤‡∏á ‡∏°‡∏∂‡∏á‡πÄ‡∏£‡∏≤‡∏ß‡πà‡∏≤‡∏á‡∏ß‡∏±‡∏ô‡∏≠‡∏±‡∏á‡∏Ñ‡∏≤‡∏£ 55555555555555555555555555555555555555555555555555555555555555555555555555555555555555555555555555555555555,366743047016721,427521930787483_682315131974827,708608575897867
196,Napachnun Rungjang ‡∏™‡∏ô‡∏°‡∏∞,366743047016721,427521930787483_682315131974827,882028131807734
197,AD Intinitum ‡∏à‡∏∞‡∏ó‡∏±‡∏ô‡πÑ‡∏´‡∏°‡∏´‡∏ô‡∏¥,366743047016721,427521930787483_682315131974827,703936499668838
198,Jamer Agreement,366743047016721,427521930787483_682315131974827,780372215374604
199,Mindmind Pronpitcha ‡πÑ‡∏°‡πà‡∏°‡∏µ‡πÄ‡∏£‡∏µ‡∏¢‡∏ô‡∏û‡∏≠‡∏î‡∏µ55555,366743047016721,427521930787483_682315131974827,599802163498334
200,"Nattavut Dumrongraksakul Sitthichai Nudech Tang Nareenuch
29 ‡∏™‡∏¥‡∏á‡∏´‡∏≤‡∏Ñ‡∏°‡∏ô‡∏µ‡πâ ‡∏Ç‡∏≠‡∏•‡∏≤‡∏û‡∏±‡∏Å‡∏£‡πâ‡∏≠‡∏ô‡∏ô‡πä‡∏∞‡∏Ñ‡∏£‡∏±‡∏ö <3",366743047016721,427521930787483_682315131974827,10152654992434845
201,Napharaphee Wayamhasuwan,366743047016721,427521930787483_682315131974827,782892651762733
202,Chanchai Pengpa,366743047016721,427521930787483_682315131974827,743016225807859
203,‡∏°‡∏∂‡∏á‡πÑ‡∏õ‡∏°‡∏∞ Marina Nattakarn,366743047016721,427521930787483_682315131974827,933584493320120
204,Ribbin Thanyarat,366743047016721,427521930787483_682315131974827,1582588448638042
205,‡πÅ‡∏°‡∏ß ‡∏Å‡∏≤‡∏£‡πå‡∏ü‡∏¥‡∏•‡∏î‡πå Arerat Seesaart Tip Nomruthai ‡πÑ‡∏õ‡∏õ‡∏∞ 5555,366743047016721,427521930787483_682315131974827,800831149959771
206,Ps Perthty 319,366743047016721,427521930787483_682315131974827,597071500404697
207,Mild Saksawatdikul Beam Rintaravitoon ‡∏®‡∏∂‡∏Å‡πÅ‡∏´‡πà‡∏á‡∏Å‡∏≤‡∏£‡∏ä‡πà‡∏ß‡∏á‡∏ä‡∏¥‡∏á,366743047016721,427521930787483_682315131974827,582556928511318
208,Jib Saowalak Tle Emsamer ‡∏™‡∏¥‡πâ‡∏ô‡πÄ‡∏î‡∏∑‡∏≠‡∏ô‡∏î‡πâ‡∏ß‡∏¢‡∏¢‡∏¢‡∏¢,366743047016721,427521930787483_682315131974827,784237608262535
209,Mu Nin ‡πÄ‡∏´‡∏•‡∏∑‡∏≠319‡∏á‡∏±‡∏ö,366743047016721,427521930787483_682315131974827,784237608262535
210,Nuttz Kittipong,366743047016721,427521930787483_682315131974827,733439573391363
211,Tanthirat Narairat ‡∏°‡∏∂‡∏á‡πÇ‡∏î‡∏î‡∏Å‡∏±‡∏ô‡∏ô,366743047016721,427521930787483_682315131974827,859074887459747
212,‡πÅ‡∏≠‡∏î‡∏Ñ‡∏£‡∏±‡∏ö ‡πÄ‡∏´‡πá‡∏ô‡πÉ‡∏ô‡∏•‡∏¥‡πâ‡∏á‡∏ö‡∏≠‡∏ÅCTW ‡πÑ‡∏°‡πà‡∏°‡∏µCT9 ‡∏ô‡∏∞‡∏Ñ‡∏£‡∏±‡∏ö,366743047016721,427521930787483_682315131974827,839518846067943
213,Tanawin Yodnam Memee Sireethorn,366743047016721,427521930787483_682315131974827,729737837061746
214,Toto Kc,366743047016721,427521930787483_682315131974827,565339830265575
215,‡∏û‡∏£‡∏∞‡∏£‡∏≤‡∏°9‡πÑ‡∏°‡πà‡∏£‡πà‡∏ß‡∏°‡∏£‡∏≤‡∏¢‡∏Å‡∏≤‡∏£‡∏ô‡∏∞‡∏Ñ‡∏∞ ‡πÄ‡∏õ‡πá‡∏ô‡∏™‡∏≤‡∏Ç‡∏≤‡πÄ‡∏ã‡πá‡∏ô‡∏ó‡∏£‡∏±‡∏•‡πÄ‡∏ß‡∏¥‡∏•‡∏Ñ‡πà‡∏∞,366743047016721,427521930787483_682315131974827,870548782977443
216,‡∏û‡∏•‡∏≤‡∏î‡πÑ‡∏°‡πà‡πÑ‡∏î‡∏±‡πÅ‡∏•‡πâ‡∏ß‡∏ß‡∏ß‡∏ß‡∏ß‡∏ß‡∏ôjubu-jubu,366743047016721,427521930787483_682315131974827,704718469648278
217,Karisuda Khaothiar,366743047016721,427521930787483_682315131974827,740664329312247
218,Walailak Lumpasri Inoonuch‡∏™‡∏≤‡∏Ç‡∏≤‡πÅ‡∏ñ‡∏ß‡∏ö‡πâ‡∏≤‡∏ô‡∏ô‡∏∏‡∏ä‡∏Å‡πá‡∏°‡∏µ,366743047016721,427521930787483_682315131974827,871508766213803
219,Staporn Punsub ‡∏≠‡∏∏‡πä‡∏ß‡∏ß‡∏ß‡∏ß‡∏ß‡∏ß üòÅ,366743047016721,427521930787483_682315131974827,10152290251631396
220,‡πÑ‡∏õ‡∏Å‡∏≤‡∏á‡πÄ‡∏ï‡πä‡∏ô‡∏ó‡πå‡∏ô‡∏≠‡∏ô‡∏£‡∏≠‡πÄ‡∏•‡∏¢‡∏ô‡∏∞,366743047016721,427521930787483_682315131974827,10203132208200892
221,Adamas Tubtimthong,366743047016721,427521930787483_682315131974827,10203783161609966
222,Prawd Bm 29 ‡∏û‡∏≠‡∏î‡∏µ‡πÄ‡∏•‡∏¢‡∏¢‡∏¢‡∏¢ ‡πÑ‡∏õ‡∏Å‡∏¥‡∏ô‡∏Å‡∏±‡∏ô‡∏ô‡∏ô‡∏ô,366743047016721,427521930787483_682315131974827,756139061102035
223,Tann Kittiya,366743047016721,427521930787483_682315131974827,445702328953034
224,Elle Tassamon,366743047016721,427521930787483_682315131974827,725700137483122
225,Aom Sukcha,366743047016721,427521930787483_682315131974827,767466596627791
226,Sitarpat Rujithanyapat ‡∏≠‡∏°‡∏Å‡∏Å‡∏Å‡∏Å,366743047016721,427521930787483_682315131974827,768543423206789
227,29 ‡∏™. ‡∏Ñ.  ‡∏û‡∏¥‡∏Å‡∏±‡∏î‡∏ü‡∏¥‡∏ß‡πÄ‡∏à‡∏≠‡∏£‡πå‡∏≠‡∏£‡∏ß‡∏£‡∏£‡∏ì ‡∏Ç‡∏∏‡∏ô‡∏ß‡∏¥‡πÄ‡∏®‡∏©,366743047016721,427521930787483_682315131974827,1677259588952664
228,‡∏ï‡∏±‡πâ‡∏á‡πÄ‡∏ï‡∏∑‡∏≠‡∏ô‡πÑ‡∏ß‡πâ‡πÄ‡∏•‡∏¢ Ariya Leangtook,366743047016721,427521930787483_682315131974827,1565626520323117
229,"Mint Jusminty ‡πÄ‡∏à‡πà‡πÄ‡∏à‡πâ ‡∏ß‡∏±‡∏ô‡∏≠‡∏±‡∏á‡∏Ñ‡∏≤‡∏£‡∏ó‡∏µ‡πà29‡∏™‡∏¥‡∏á‡∏´‡∏≤‡∏Ñ‡∏°
10‡∏ø!!üò±üò± 100‡∏Ñ‡∏ô‡πÅ‡∏£‡∏Å ‡∏à‡∏∞‡∏ó‡∏±‡∏ô‡πÑ‡∏´‡∏°üòÖüòÇ",366743047016721,427521930787483_682315131974827,10204208030709393
230,Aern Nathanon ‡∏Å‡∏•‡∏≤‡∏á‡πÄ‡∏ï‡πä‡∏ô‡∏£‡∏≠‡πÄ‡∏•‡∏¢‡πÑ‡∏´‡∏° 555,366743047016721,427521930787483_682315131974827,1727446684212389
231,Ployploy Wongphumee TTT,366743047016721,427521930787483_682315131974827,747957595247958
232,Benjasit Pichaichom ‡∏ô‡∏∏‡πä‡∏à‡∏∞‡πÑ‡∏°‡πà‡πÅ‡∏û‡πâ!,366743047016721,427521930787483_682315131974827,810174399014481
233,Saknarin Pinsuk. ‡πÑ‡∏õ‡πÑ‡∏´‡∏°,366743047016721,427521930787483_682315131974827,1534552100125179
234,Patchare Mint,366743047016721,427521930787483_682315131974827,908074199247184
235,‡∏†‡∏±‡∏ó‡∏£‡∏ç‡∏≤ ‡∏™‡∏¥‡∏ó‡∏ò‡∏¥‡∏û‡∏±‡∏ô‡∏ò‡πå Wee Wipawee Yelly Nune ‡πÄ‡∏ù‡πâ‡∏≤‡∏´‡∏ô‡πâ‡∏≤‡∏ü‡∏¥‡∏ß,366743047016721,427521930787483_682315131974827,1486073994939098
236,Loykaew Anongnart,366743047016721,427521930787483_682315131974827,279935808849021
237,Likit Sopa,366743047016721,427521930787483_682315131974827,740921059313975
238,Nook Tita,366743047016721,427521930787483_682315131974827,10202198851333015
239,Kruewan Nuntatunti Kaew Ve Jitreeya Vasutaranun ‡∏õ‡∏∞,366743047016721,427521930787483_682315131974827,935118856515927
240,OLer Dusky10 ‡∏ö‡∏≤‡∏ó ‡∏ï‡πà‡∏≠‡∏´‡∏±‡∏ß‡∏ß‡∏ß,366743047016721,427521930787483_682315131974827,579162888851847
241,Sunz Chayanin Noosom Napaphorn ‡∏à‡∏±‡∏î555,366743047016721,427521930787483_682315131974827,10202683501240939
242,BoBoo Pawee Bor Bai Mai10‡πÑ‡∏õ‡∏°‡∏±‡πâ‡∏¢‡∏ï‡πâ‡∏≠‡∏á‡πÑ‡∏õ‡πÉ‡∏´‡πâ‡∏ó‡∏±‡∏ô‡∏ô‡∏∞,366743047016721,427521930787483_682315131974827,593712670741055
243,Somsom Pcrp,366743047016721,427521930787483_682315131974827,1661135400811780
244,Putter Tj,366743047016721,427521930787483_682315131974827,10152846481335485
245,Thuncha NoqqThanut TiraviriyapornKhemjira Wituchulee,366743047016721,427521930787483_682315131974827,727706614011815
246,Areezah Jhele,366743047016721,427521930787483_681986482007692,642839262461344
247,‡∏´‡∏Å‡∏Å‡πà‡∏≠‡∏ô‡πÅ‡∏î‡∏Å,366743047016721,427521930787483_681986482007692,1601630320093696
248,How to ‡πÅ‡∏î‡∏Å‡∏¢‡∏±‡∏á‡πÑ‡∏á‡πÑ‡∏°‡πà‡πÉ‡∏´‡πâ‡∏´‡∏Å,366743047016721,427521930787483_681986482007692,2269416466616200
249,Antony Scott Stirling,366743047016721,427521930787483_681986482007692,196745620715817
250,Khemjira WituchuleeThuncha NoqqThanut Tiraviriyaporn‡∏Ç‡∏≠‡πÄ‡∏õ‡πá‡∏ô‡∏ä‡πä‡∏≠‡∏Ñ‡πÇ‡∏Å‡πÅ‡∏•‡∏ï,366743047016721,427521930787483_681986482007692,727706614011815
251,‡∏ù‡∏≤‡∏Å‡∏î‡πâ‡∏ß‡∏¢ 2 ‡∏Å‡∏•‡πà‡∏≠‡∏á‡∏Ñ‡πà‡∏∞ ‡∏≠‡∏¥‡∏≠‡∏¥,366743047016721,427521930787483_680579972148343,855716814438769
252,‡∏≠‡∏¢‡∏≤‡∏Å‡∏Å‡∏¥‡∏ô‡∏ô‡∏ô‡∏ô,366743047016721,427521930787483_680579972148343,338120239983475
253,Kantaphat Pprim,366743047016721,427521930787483_680133902192950,10202654057187566
254,‡∏ô‡πà‡∏≤‡∏Å‡∏¥‡∏ô‡∏°‡∏±‡πà‡∏Å,366743047016721,427521930787483_680133902192950,640774329419646
255,Wirosana Chaipol,366743047016721,427521930787483_680133902192950,716728185156324
256,Pui Saowakon,366743047016721,427521930787483_680133902192950,247202772330374
257,‡πÅ‡∏Å‡∏Å‡∏Å‡∏Å‡∏Å‡∏Å‡∏Å>< Phattira Katurhon,366743047016721,427521930787483_680133902192950,699051406809313
258,Boy ‡πÑ‡∏≠‡πâ‡πÅ‡∏ß‡πà‡∏ô Chickachic ‡∏Å‡∏¥‡∏ô‡∏ô‡∏ô,366743047016721,427521930787483_680133902192950,10202575371380175
259,Sudarat Sungthong,366743047016721,427521930787483_680133902192950,801450793262033
260,‡∏≠‡∏¢‡πà‡∏≤‡∏ö‡∏≠‡∏Å‡∏ô‡∏∞‡∏ó‡∏≥‡πÄ‡∏≠‡∏á,366743047016721,427521930787483_678073972398943,641813202622916
261,‡∏ï‡∏π‡πâ‡∏ß‡∏´‡∏π‡∏ß‡∏ß  ‡∏≠‡∏¢‡πà‡∏≤‡∏ö‡∏≠‡∏Å‡∏ô‡∏∞‡∏ß‡πà‡∏≤‡πÅ‡∏Å‡πâ‡πÅ‡∏Ñ‡πâ‡∏ô‡∏ä‡∏≤‡∏°‡πÄ‡∏°‡∏∑‡πà‡∏≠‡∏ß‡∏≤‡∏ô ‡∏≠‡∏¥‡∏≠‡∏¥ ‡∏ß‡∏±‡∏ô‡∏ô‡∏µ‡πâ‡∏°‡∏µ‡∏™‡πâ‡∏°‡∏ï‡∏≥ ‡∏Ç‡∏≠‡πÅ‡∏ö‡πà‡∏á‡∏à‡∏±‡πä‡∏ö‡∏ã‡∏±‡∏Å‡∏ñ‡πâ‡∏ß‡∏¢‡∏ã‡∏µ,366743047016721,427521930787483_678073972398943,960423760641826
262,‡πÑ‡∏î‡πâ‡∏≠‡∏∞‡πÑ‡∏£‡∏£‡πâ‡∏≠‡∏ô‡πÜ ‡∏°‡∏±‡∏ô‡∏ü‡∏¥‡∏ô‡∏ó‡∏µ‡πà‡∏™‡∏∏‡∏î,366743047016721,427521930787483_677669299106077,960423760641826
263,‡πÇ‡∏´‡∏ß‡∏ö‡πâ‡∏≤‡∏ô‡∏ô‡πâ‡∏≠‡∏á‡∏≠‡∏¢‡∏π‡πà‡πÑ‡∏´‡∏ô‡∏ô‡∏µ‡πà‡∏à‡∏∞‡∏ñ‡∏∑‡∏≠‡∏ä‡∏≤‡∏°‡πÑ‡∏õ‡∏Ç‡∏≠‡πÅ‡∏ö‡πà‡∏á‡∏°‡∏≤‡∏ó‡∏≤‡∏ô‡∏ö‡πâ‡∏≤‡∏á‡πÑ‡∏î‡πâ‡∏°‡∏∞‡∏Ñ‡∏∞,366743047016721,427521930787483_677669299106077,641813202622916
264,‡πÅ‡∏°‡πà‡∏ó‡∏π‡∏•‡∏´‡∏±‡∏ß?,366743047016721,427521930787483_677669299106077,1185616841455177
265,‡∏≠‡∏¢‡∏≤‡∏Å‡∏à‡∏∞‡πÅ‡∏î‡∏Å‡∏™‡∏±‡πà‡∏á‡∏¢‡∏±‡∏á‡πÑ‡∏á,366743047016721,427521930787483_677064005833273,153507425257319
266,‡∏û‡∏π‡∏î‡πÑ‡∏°‡πà‡πÄ‡∏û‡∏£‡∏≤‡∏∞‡πÄ‡∏•‡∏¢‡∏ô‡∏∞,366743047016721,427521930787483_677064005833273,1490568051003385
267,‡πÄ‡∏õ‡∏•‡∏µ‡πà‡∏¢‡∏ô‡∏à‡∏≤‡∏Å‡πÅ‡∏î‡∏Å‡πÄ‡∏õ‡πá‡∏ô‡∏Å‡∏¥‡∏ô‡∏ô‡πà‡∏≤‡∏à‡∏∞‡∏≠‡∏£‡πà‡∏≠‡∏¢‡∏Ç‡∏∂‡πâ‡∏ô‡∏≠‡πà‡∏∞,366743047016721,427521930787483_677064005833273,818758058155082
268,‡∏°‡∏µ‡∏Ñ‡∏ß‡∏≤‡∏°‡πÑ‡∏°‡πà‡∏¢‡∏∏‡∏ï‡∏¥‡∏ò‡∏£‡∏£‡∏°‡πÉ‡∏ô‡∏à‡∏≤‡∏ô‡∏ô‡∏µ‡πâ,366743047016721,427521930787483_674267292779611,10152763894596715
269,‡∏ï‡∏≤‡∏°‡∏Ñ‡∏±‡∏ö üòä,366743047016721,427521930787483_674267292779611,1827617794146244
270,‡πÄ‡∏Å‡∏•‡∏µ‡∏¢‡∏î!!!,366743047016721,427521930787483_674267292779611,673195579457845
271,‡∏ó‡∏µ‡πà‡πÑ‡∏´‡∏ô‡πÅ‡∏≠‡∏î,366743047016721,427521930787483_674267292779611,199440270570127
272,‡πÇ‡∏´‡∏ß‡∏ß‡∏°‡∏≤‡πÄ‡∏¢‡∏∑‡∏≠‡∏ô‡∏ñ‡∏∂‡∏á‡∏õ‡∏•‡∏≤‡∏¢‡∏à‡∏°‡∏π‡∏Å‡πÄ‡∏£‡∏¢‡πÄ‡∏Ñ‡πâ‡∏≤‡∏≠‡∏¢‡∏π‡πàu center2,366743047016721,427521930787483_672547376284936,641813202622916
273,Benchawan Chansriphueak,366743047016721,427521930787483_667804480092559,1011689138848208
274,Jo Pla Too,366743047016721,427521930787483_667804480092559,1516846648587280
275,‡πÑ‡∏õ‡πÅ‡∏î‡∏Å‡πÄ‡∏•‡∏¢ ‡∏≠‡∏£‡πà‡∏≠‡∏¢,366743047016721,427521930787483_667777493428591,10202654057187566
276,‡∏Ç‡∏≠‡∏ö‡∏Ñ‡∏∏‡∏ô‡∏°‡∏≤‡∏Å‡πÜ‡∏Ñ‡∏±‡∏ö,366743047016721,427521930787483_667777493428591,555474101264858
277,Rawin Reewarabundit ‡∏à‡∏∞‡πÑ‡∏õ!!!!!,366743047016721,427521930787483_667292823477058,793240740785149
278,Benchawan Chansriphueak,366743047016721,427521930787483_667292823477058,1011689138848208
279,Ruk Theerapong,366743047016721,427521930787483_667292823477058,926355167451601
280,Narongchai Tuekkhao‡∏™‡∏ô‡πÑ‡∏´‡∏°‡πÅ‡∏ñ‡∏ß‡∏ó‡∏µ‡πà‡πÄ‡∏£‡∏µ‡∏¢‡∏ô‡∏û‡∏¥‡πÄ‡∏™‡∏î,366743047016721,427521930787483_667292823477058,903044663054550
281,‡∏Ç‡∏≤‡∏ß‡∏à‡∏ô‡∏î‡∏π‡∏ô‡πà‡∏≤‡∏Å‡∏•‡∏±‡∏ß,366743047016721,427521930787483_660014834204857,925699950776686
282,‡∏ï‡πâ‡∏≠‡∏á‡πÇ‡∏î‡∏ô...,366743047016721,427521930787483_659535430919464,720866388008543
283,Nopchanook Yawanophas üôä,366743047016721,427521930787483_659535430919464,10152480665660794
284,‡∏ó‡∏∏‡∏Å‡∏™‡∏≤‡∏Ç‡∏≤‡∏°‡∏±‡πâ‡∏¢‡∏≠‡πà‡∏≤,366743047016721,427521930787483_658097917729882,10206469143784353
285,Sumitta Phanasnork,366743047016721,427521930787483_658097917729882,859085314172618
286,Beam Kasi,366743047016721,427521930787483_656121317927542,623861611076715
287,Oui Zii Sunanta Redrod,366743047016721,427521930787483_656121317927542,10153467587725269
288,‡∏Å‡∏£‡∏≤‡∏ö‡∏Ç‡∏≠‡∏ö‡∏û‡∏£‡∏∞‡∏Ñ‡∏∏‡∏ì Admin ‡πÄ‡∏Å‡∏¥‡∏î‡∏°‡∏≤‡πÅ‡∏î‡∏Å ‡∏≠‡∏£‡πà‡∏≠‡∏¢‡∏ô‡∏∞‡∏°‡∏≤‡πÅ‡∏î‡∏Å‡πÄ‡∏ö‡∏¢ üòò,366743047016721,427521930787483_654560571416950,10154615487405094
289,‡∏≠‡∏¥‡πà‡∏°‡∏à‡∏±‡∏á‡∏ï‡∏±‡∏á‡∏¢‡∏∏‡∏Ñ‡∏£‡∏ö,366743047016721,427521930787483_652923651580642,1433326966982580
290,‡πÅ‡∏≠‡∏î...‡∏ö‡πâ‡∏≤‡∏ô‡∏≠‡∏¢‡∏π‡πà‡πÑ‡∏´‡∏ô‡∏à‡∏∞‡∏ï‡∏≤‡∏°‡πÑ‡∏õ‡∏Å‡∏¥‡∏ôüòÇüòÇüòÇ,366743047016721,427521930787483_652923651580642,10153019533206420
291,‡∏°‡∏∞‡πÄ‡∏Ç‡∏∑‡∏≠‡∏¢‡∏≤‡∏ß,366743047016721,427521930787483_651964765009864,911753035514553
292,,366743047016721,427521930787483_651964765009864,504493079691442
293,,366743047016721,427521930787483_651964765009864,504493079691442
294,"‡∏≠‡∏¢‡∏∏‡πà‡πÉ‡∏ôlist ‡πÅ‡∏£‡∏∞‡∏≠‡∏¥‡∏≠‡∏¥
‡∏°‡∏∞‡∏ß‡∏≤‡∏ô‡∏≠‡πà‡∏≤‡∏ô‡πÄ‡∏à‡∏≠‡πÄ‡∏ï‡πã‡∏ß ‡πÉ‡∏ô‡∏£‡∏π‡πÑ‡∏õ‡∏™‡∏≠‡∏¢‡∏°‡∏≤‡πÅ‡∏£‡∏∞",366743047016721,427521930787483_651964765009864,641813202622916
295,Storymoon June,366743047016721,427521930787483_651787318360942,860572730663934
296,Toey C Phurayab ‡πÄ‡∏Æ‡πà‡∏¢‡∏¢‡∏¢‡∏¢‡∏±‡∏á‡∏á‡∏±‡∏¢‡∏Å‡∏±‡∏ô‡∏î‡∏µ‡∏ß‡∏∞‡πÄ‡∏£‡∏≤,366743047016721,427521930787483_651787318360942,622214811188113
297,‡πÄ‡∏°‡∏∑‡πà‡∏≠‡∏ß‡∏≤‡∏ô‡∏ï‡∏≠‡∏ô‡πÄ‡∏ó‡∏µ‡πà‡∏¢‡∏á‡∏™‡∏±‡πà‡∏á‡πÄ‡∏î‡∏Å‡πÑ‡∏õ‡∏ã‡∏∑‡πâ‡∏≠‡∏°‡∏≤‡∏™‡∏≠‡∏á‡∏´‡πà‡∏≠‡∏Å‡∏ß‡πà‡∏≤‡∏à‡∏∞‡πÑ‡∏î‡πâ‡∏Å‡∏¥‡∏ô‡∏ï‡∏≠‡∏ô‡∏ó‡∏∏‡πà‡∏° ‡∏¢‡∏±‡∏á‡∏≠‡∏£‡πà‡∏≠‡∏¢‡∏≠‡∏¢‡∏∏‡πà‡πÄ‡∏£‡∏¢,366743047016721,427521930787483_651787318360942,641813202622916
298,Gifie Narkwachara,366743047016721,427521930787483_651787318360942,834947066523756
299,‡πÅ‡∏û‡∏á ‡∏≠‡∏¢‡∏∏‡πà‡∏£‡∏≤‡∏Ñ‡∏≤‡∏ô‡∏µ‡πâ,366743047016721,427521930787483_649623548577319,1455626634763856
300,Gifie Narkwachara‡πÄ‡∏°‡∏ô‡∏π‡∏ô‡∏µ‡πà‡∏≠‡∏£‡πà‡∏≠‡∏¢‡∏à‡∏£‡∏¥‡∏á,366743047016721,427521930787483_649210458618628,834947066523756
301,‡πÉ‡∏ä‡πà‡πÜ‡πÜ‡πÜ ‡∏£‡πâ‡∏≤‡∏ô‡∏ô‡∏µ‡πâ‡πÄ‡∏î‡πá‡∏î‡∏à‡∏£‡∏¥‡∏á ‡∏™‡∏±‡πà‡∏á‡πÄ‡∏û‡∏¥‡πà‡∏°‡∏Å‡∏≤‡∏Å‡∏´‡∏°‡∏π‡∏≠‡∏µ‡∏Å‡∏ñ‡πâ‡∏ß‡∏¢‡∏î‡πâ‡∏ß‡∏¢‡πÅ‡∏≠‡∏î ^^,366743047016721,427521930787483_647205335485807,10153019533206420
302,Khongkwan K. Sudjai ‡πÑ‡∏õ‡∏°‡∏∞‡πÜ‡∏ö‡πà‡∏≤‡∏¢‡πÜ,366743047016721,427521930787483_647205335485807,818292744895598
303,VaVa Areepreechachai Gz Kullavanijaya Au Arnon Tipsuda Wongchan ‡∏¢‡∏±‡∏á‡πÑ‡∏á‡∏á‡∏á‡∏á‡∏á‡∏á‡∏á‡∏á ‡∏•‡πà‡∏≤‡πÄ‡∏ô‡∏∑‡πâ‡∏≠‡∏ï‡πà‡∏≠‡∏õ‡πà‡∏≤‡∏ß‡∏ß‡∏ß‡∏ß‡∏ß‡∏ß,366743047016721,427521930787483_647205335485807,889072881112484
304,‡πÄ‡∏û‡∏¥‡πà‡∏á‡πÑ‡∏õ‡∏Å‡∏¥‡∏ô‡∏°‡∏≤‡πÑ‡∏°‡πà‡∏ô‡∏≤‡∏ô‡πÄ‡∏≠‡∏á‡∏™‡∏∏‡∏î‡∏¢‡∏≠‡∏î‡∏°‡∏≤‡∏Å,366743047016721,427521930787483_647205335485807,10152763894596715
305,‡πÉ‡∏Å‡∏•‡πâ‡πÑ‡∏õ,366743047016721,427521930787483_647205335485807,10155252801321844
306,‡∏™‡∏∏‡∏î‡∏¢‡∏≠‡∏î‡∏°‡∏≤‡∏Å‡∏Ñ‡∏£‡∏±‡∏ö‡∏£‡πâ‡∏≤‡∏ô‡∏ô‡∏µ‡πâ‡∏Å‡∏≠‡∏£‡πà‡∏≠‡∏¢‡∏™‡∏∏‡∏î‡∏™‡∏∏‡∏î ‡∏™‡∏±‡πà‡∏á‡πÅ‡∏ö‡∏ö‡∏°‡∏´‡∏≤‡∏•‡∏±‡∏¢,366743047016721,427521930787483_647205335485807,10202556868977680
307,‡∏ú‡πà‡∏≤‡∏ô‡∏ó‡∏µ‡πÑ‡∏£‡∏ï‡πâ‡∏≠‡∏á‡πÅ‡∏ß‡∏∞‡πÅ‡∏î‡∏Å ‡πÉ‡∏™‡πà‡πÄ‡∏ï‡πâ‡∏≤‡∏´‡∏π‡πâ‡∏¢‡∏µ‡πâ‡∏î‡πâ‡∏ß‡∏¢‡∏ô‡∏∞ ‡πÅ‡∏à‡πà‡∏°‡πÇ‡∏Ñ‡∏ï‡∏£,366743047016721,427521930787483_647205335485807,901985739820409
308,‡πÉ‡∏ä‡πà‡πÄ‡∏à‡πâ‡∏≤‡πÄ‡∏î‡∏µ‡∏¢‡∏ß‡∏Å‡∏±‡∏ô‡∏Å‡∏±‡∏ö‡∏Å‡πã‡∏ß‡∏¢‡πÄ‡∏ï‡∏µ‡∏¢‡∏ß‡πÄ‡∏ô‡∏∑‡πâ‡∏≠‡∏ó‡πà‡∏≤‡∏ô‡πâ‡∏≥‡∏™‡∏≤‡∏ò‡∏∏‡∏õ‡∏£‡∏∞‡∏î‡∏¥‡∏©‡∏ê‡πå‡∏õ‡πà‡∏∞‡∏Ñ‡∏£‡∏±‡∏ö,366743047016721,427521930787483_647205335485807,10205553629500958
309,‡∏°‡∏µ‡πà‡∏ó‡∏µ‡πà‡∏à‡∏≠‡∏î‡∏£‡∏ñ‡∏°‡∏±‡πâ‡∏¢,366743047016721,427521930787483_647205335485807,852056774853106
310,Narongchai Tuekkhao ‡∏≠‡∏¢‡∏∏‡πà‡πÅ‡∏ñ‡∏ß‡∏ó‡∏µ‡πà‡∏™‡∏≠‡∏ô‡∏û‡∏¥‡πÄ‡∏™‡∏î‡πÄ‡∏ö‡∏¢,366743047016721,427521930787483_647205335485807,903044663054550
311,Kullanan Sae Chen‡∏û‡∏≤‡πÑ‡∏õ‡∏´‡∏ô‡πà‡∏≠‡∏¢,366743047016721,427521930787483_647205335485807,901610309898318
312,Chutamat Charoenvan,366743047016721,427521930787483_647205335485807,543059375807282
313,‡∏¢‡∏∏‡πÄ‡∏à‡∏£‡∏¥‡∏ç‡∏ô‡∏Ñ‡∏£‡πÄ‡∏ó‡πà‡∏≤‡πÑ‡∏£‡∏Ñ‡∏±‡∏ö,366743047016721,427521930787483_647205335485807,1560944090792666
314,Sukthanom Chanwit ‡∏ß‡πà‡∏≤‡∏á‡πÜ‡∏û‡∏≤‡πÑ‡∏õ‡∏Å‡∏¥‡∏ô‡∏´‡∏ô‡πà‡∏≠‡∏¢,366743047016721,427521930787483_647205335485807,756272171088188
315,‡πÑ‡∏õ‡∏ó‡∏µ‡πÑ‡∏£‡∏à‡∏∞‡∏™‡∏±‡πà‡∏á ‡πÅ‡∏ö‡∏ö‡∏´‡∏°‡πâ‡∏≠‡πÑ‡∏ü‡∏ü‡πâ‡∏≤‡∏Ñ‡∏£‡∏±‡∏ö üòã,366743047016721,427521930787483_647205335485807,685795708148900
316,‡∏°‡∏´‡∏≤‡∏•‡∏±‡∏¢ ‡∏°‡∏±‡∏ò‡∏¢‡∏° ‡∏õ‡∏£‡∏∞‡∏ñ‡∏° ‡πÉ‡∏ô‡∏ô‡∏≤ ‡∏ä‡∏∑‡πà‡∏ô‡πÉ‡∏à.....‡∏≠‡∏£‡πà‡∏≠‡∏¢‡∏à‡∏¥‡∏á‡∏Ñ‡∏±‡∏ö‡∏ú‡∏° üòäüòäüòä,366743047016721,427521930787483_647205335485807,845078045552266
317,‡∏à‡∏≤‡∏Å‡∏î‡∏≤‡∏ß‡∏Ñ‡∏∞‡∏ô‡∏≠‡∏á‡πÑ‡∏õ‡πÑ‡∏Å‡∏•‡πÄ‡∏õ‡πà‡∏≤‡∏Ñ‡πà‡∏∞,366743047016721,427521930787483_647205335485807,185495741825112
318,‡∏£‡πâ‡∏≤‡∏ô‡∏ô‡∏µ‡πâ ‡∏≠‡∏£‡πà‡∏≠‡∏¢‡∏à‡∏¥‡∏á ‡∏´‡∏≠‡∏°‡∏°‡∏≤‡∏Å‡∏Å‡∏Å‡∏Å,366743047016721,427521930787483_647205335485807,170942300072714
319,‡∏≠‡∏£‡πà‡∏≠‡∏¢,366743047016721,427521930787483_647205335485807,1383755635286342
320,‡∏ï‡πâ‡∏≠‡∏á‡πÑ‡∏õ‡∏•‡∏≠‡∏á‡∏á‡∏á‡∏á,366743047016721,427521930787483_647205335485807,469691716505012
321,‡∏ä‡∏∑‡πà‡∏≠‡πÄ‡∏î‡∏¥‡∏° ‡∏ó‡πà‡∏≤‡∏ô‡πâ‡∏≥‡∏™‡∏≤‡∏ò‡∏∏ ‡∏õ‡πà‡∏∞‡πÅ‡∏≠‡∏î‡∏î,366743047016721,427521930787483_647205335485807,915870155092545
322,‡∏≠‡∏£‡πà‡∏≠‡∏¢‡πÜ‡πÜ‡∏°‡∏≤‡∏Å‡∏Ñ‡∏±‡∏ö‡∏ä‡∏≠‡∏ö‡πÜ‡∏≠‡∏¢‡πà‡πÅ‡∏ñ‡∏ß‡∏ö‡πâ‡∏≤‡∏ô‡πÄ‡∏•‡∏¢‡πÄ‡∏ô‡∏∑‡πà‡∏≠‡πÄ‡∏õ‡∏∑‡πà‡∏≠‡∏¢‡∏î‡∏µ‡∏Ñ‡∏±‡∏ö,366743047016721,427521930787483_647205335485807,629934957133287
323,PS PJ,366743047016721,427521930787483_647205335485807,301059166761590
324,Nicky Cuba üìç,366743047016721,427521930787483_647205335485807,859657900744131
325,Jarinya Thonglao  ‡πÄ‡∏£‡∏µ‡∏¢‡∏Å‡∏°‡∏≤‡∏´‡∏¥‡∏ß5555,366743047016721,427521930787483_647205335485807,758182534235141
326,‡∏†‡∏±‡∏Ñ‡∏ß‡∏±‡∏ï ‡∏û‡∏£‡∏≤‡∏´‡∏°‡∏ì‡πå‡πÄ‡∏≠‡∏° (‡∏ï‡∏≤‡∏Å‡πâ‡∏≤‡∏ß ‡∏≠‡∏∏‡∏ô‡∏¥) ‡∏ô‡πâ‡∏≠‡∏á‡πÜ ‡∏ï‡∏∑‡πà‡∏ô‡∏¢‡∏±‡∏á ?,366743047016721,427521930787483_647205335485807,10202186600261209
327,‡∏Å‡πá‡∏≠‡∏¢‡∏≤‡∏Å‡πÅ‡∏î‡∏Å ‡∏ó‡∏±‡∏ô‡∏ó‡∏µ555,366743047016721,427521930787483_647205335485807,136725450153653
328,‡∏£‡πâ‡∏≤‡∏ô‡∏õ‡∏£‡∏∞‡∏à‡∏≥‡πÄ‡∏•‡∏¢‡∏Ñ‡∏£‡∏±‡∏ö.‡∏ß‡πà‡∏≤‡∏á‡∏ï‡πâ‡∏≠‡∏á‡πÅ‡∏ß‡∏∞‡πÑ‡∏õ‡∏Å‡∏¥‡∏ô‡∏≠‡∏£‡πà‡∏≠‡∏¢,366743047016721,427521930787483_647205335485807,248747752258643
329,‡∏•‡∏≠‡∏á‡∏°‡∏≤‡∏Å‡∏¥‡∏ô‡∏£‡πâ‡∏≤‡∏ô‡πÄ‡∏ô‡∏∑‡πâ‡∏≠‡∏ï‡∏∏‡πã‡∏ô‡∏ô‡∏≤‡∏¢‡∏´‡∏°‡∏µ‡∏´‡∏ô‡∏≤‡∏°‡πÅ‡∏î‡∏á‡∏î‡∏π‡∏°‡∏±‡πà‡∏á‡∏ô‡∏∞‡∏Ñ‡∏£‡∏±‡∏ö ‡∏°‡∏¥‡∏ö‡∏°‡∏¥‡∏ö,366743047016721,427521930787483_647205335485807,10201939297708506
330,Ton Teerapong,366743047016721,427521930787483_647205335485807,833991056613391
331,Suparoek Cbr,366743047016721,427521930787483_647205335485807,367240953445555
332,Guide Apache ‡πÄ‡∏≠‡∏≤‡πÑ‡∏á,366743047016721,427521930787483_647205335485807,701918689931275
333,"Warisara Binty Chanweerayothin. Atip Ismai-kul
‡∏ô‡πâ‡∏≤‡∏™‡πà‡∏ô‡πÉ‡∏à",366743047016721,427521930787483_647205335485807,758335027543634
334,‡πÅ‡∏ñ‡∏ß‡∏ö‡πâ‡∏≤‡∏ô‡πÄ‡∏£‡∏¢ ‡∏≠‡∏£‡πà‡∏≠‡∏¢‡∏¢‡∏°‡∏≤‡∏Å‡∏Å,366743047016721,427521930787483_647205335485807,230549250684603
335,‡∏≠‡∏£‡πà‡∏≠‡∏¢‡∏à‡∏£‡∏¥‡∏á..‡∏£‡πâ‡∏≤‡∏ô‡∏ô‡∏µ‡πâ‡πÑ‡∏õ‡∏•‡∏≠‡∏á‡∏°‡∏≤‡πÅ‡∏•‡πâ‡∏ß üëç,366743047016721,427521930787483_647205335485807,783972368329406
336,‡∏à‡∏±‡∏î‡πÑ‡∏õ,366743047016721,427521930787483_647205335485807,752071811553621
337,‡∏õ‡∏±‡πà‡∏ô ‡πÇ‡∏Å‡πÑ‡∏®‡∏¢‡∏Å‡∏≤‡∏ô‡∏ô‡∏ó‡πå,366743047016721,427521930787483_647205335485807,10203035384594024
338,Piyasak Sakaew‡∏≠‡∏¢‡∏≤‡∏Å,366743047016721,427521930787483_647205335485807,933226010031603
339,‡∏≠‡πâ‡∏≤‡∏ß‡∏ó‡∏¥‡πâ‡∏á‡∏Å‡∏±‡∏ô‡∏ã‡∏∞‡∏á‡∏±‡πâ‡∏ô,366743047016721,427521930787483_646666685539672,524473201009421
340,‡πÅ‡∏≠‡∏î‡πÅ‡∏°‡πà‡∏á‡πÄ‡∏•‡∏ß ‡∏ö‡∏≠‡∏Å‡∏ä‡∏∑‡πà‡∏≠‡∏£‡πâ‡∏≤‡∏ô ‡πÅ‡∏ï‡πà‡πÑ‡∏°‡πà‡∏ö‡∏≠‡∏Å‡∏û‡∏¥‡∏Å‡∏±‡∏î‡∏î‡∏î,366743047016721,427521930787483_646666685539672,10206411910595109
341,‡∏ô‡πâ‡∏≥‡∏à‡∏¥‡πâ‡∏°‡πÄ‡∏¢‡∏≠‡∏∞‡∏à‡∏±‡∏á,366743047016721,427521930787483_646666685539672,660478660687400
342,‡∏™‡∏≤‡∏Ç‡∏≤‡πÑ‡∏´‡∏ô‡∏Ñ‡∏±‡∏ö,366743047016721,427521930787483_646666685539672,137377619956846
343,Mew Chanyanuch,366743047016721,427521930787483_646666685539672,1520240831585792
344,Chiratraporn Poomchantuk,366743047016721,427521930787483_646666685539672,790510600995991
345,Narongchai Tuekkhaoüòîüòî,366743047016721,427521930787483_646666685539672,903044663054550
346,Baiifern Pelena,366743047016721,427521930787483_646666685539672,755468987906532
347,Chotika Thongsak,366743047016721,427521930787483_646666685539672,608886295847100
348,Tatan Tanakorn,366743047016721,427521930787483_646666685539672,450571928416356
349,,366743047016721,427521930787483_646666685539672,179848679013892
350,Fu Ful ‡πÑ‡∏õ‡πÅ‡∏î‡∏Å‡∏Å‡∏±‡∏ô,366743047016721,427521930787483_646666685539672,791721704251373
351,Teerapat Rugkong,366743047016721,427521930787483_646666685539672,960231060672252
352,,366743047016721,427521930787483_645860892286918,845307972222746
353,"Vitsanu Bbk Khaekathok
‡πÄ‡∏õ‡πá‡∏ô‡πÑ‡∏á 555",366743047016721,427521930787483_645860892286918,638476876250090
354,55555‡∏£‡πâ‡∏≤‡∏ô‡πÑ‡∏£,366743047016721,427521930787483_645860892286918,504493079691442
355,‡∏ó‡∏≥‡πÑ‡∏°‡∏Å‡∏•‡∏±‡∏ß‡πÅ‡∏≠‡∏î‡πÇ‡∏î‡∏ô‡∏Å‡∏£‡∏∞‡∏ó‡∏∑‡∏ö‡∏à‡∏±‡∏á 555+,366743047016721,427521930787483_645860892286918,10206411910595109
356,Shizu Jung,366743047016721,427521930787483_645860892286918,121179638387969
357,"‡∏Ç‡∏≠‡πÄ‡∏õ‡πá‡∏ô 2 ‡∏Ñ‡∏∞‡πÅ‡∏ô‡∏ô‡πÑ‡∏î‡πâ‡∏°‡∏±‡πä‡∏¢ ‡∏Ç‡∏≠‡∏ö‡∏°‡∏±‡∏ô‡∏Å‡∏•‡∏¥‡πà‡∏ô‡∏´‡∏≠‡∏°‡∏î‡∏µ ‡πÄ‡∏´‡∏°‡∏∑‡∏≠‡∏ô‡∏´‡∏ô‡∏°‡∏õ‡∏±‡∏á‡∏Å‡∏£‡∏∞‡πÄ‡∏ó‡∏µ‡∏¢‡∏° 
‡∏™‡πà‡∏ß‡∏ô‡∏´‡∏°‡∏π‡πÉ‡∏ô‡∏Ç‡∏≠‡∏ö‡∏™‡πà‡∏ß‡∏ô‡∏ï‡∏±‡∏ß‡πÅ‡∏•‡πâ‡∏ß‡∏ä‡∏≠‡∏ö‡∏ô‡∏∞ ‡πÅ‡∏´‡πâ‡∏á‡∏î‡∏µ ‡∏ô‡∏≤‡∏ô‡πÜ‡∏ó‡∏µ‡πà‡∏à‡∏∞‡πÑ‡∏î‡πâ‡∏•‡∏≠‡∏á‡∏Å‡∏¥‡∏ô‡∏Å‡∏£‡∏∞‡∏î‡∏≤‡∏©‡∏ó‡∏£‡∏≤‡∏¢",366743047016721,427521930787483_645860892286918,1003732399637283
358,‡πÑ‡∏°‡πà‡∏ô‡πà‡∏≤‡πÅ‡∏î‡∏Å ‡∏Å‡∏π‡∏Å‡πá‡∏à‡∏∞‡πÑ‡∏õ ‡∏•‡∏≠‡∏á‡πÅ‡∏î‡∏Å‡∏î‡∏π ‡∏´‡∏∞‡πÜ‡πÜ‡πÜ‡πÜ‡πÜ,366743047016721,427521930787483_645860892286918,10152763894596715
359,‡∏´‡∏°‡∏π‡∏õ‡πã‡∏≠‡∏á ‡∏™‡∏≤‡∏¢‡πÅ‡∏î‡∏£‡∏Å ‡∏≠‡∏¢‡πà‡∏≤‡πÑ‡∏î‡πâ‡∏•‡∏≠‡∏á‡πÄ‡∏ä‡∏µ‡∏¢‡∏ß‡∏ô‡∏∞5555,366743047016721,427521930787483_645860892286918,1201776116606458
360,‡∏Å‡∏∏‡πÅ‡∏î‡∏Å‡πÅ‡∏•‡πâ‡∏ß ‡∏≠‡∏£‡πà‡∏≠‡∏¢‡∏°‡∏≤‡∏Å ‡∏Å‡∏∏‡∏ä‡∏≠‡∏ö‡∏ö‡∏ö‡∏ö,366743047016721,427521930787483_645860892286918,902359519780468
361,‡∏Å‡∏≥‡∏•‡∏±‡∏á‡∏à‡∏∞‡∏™‡∏±‡πà‡∏á‡∏û‡∏≠‡∏î‡∏µ ‡πÄ‡∏à‡∏≠‡πÅ‡∏≠‡∏î‡∏ö‡∏≠‡∏Å‡πÅ‡∏ö‡∏ö‡∏ô‡∏µ‡πâ ‡∏Å‡∏£‡∏∞‡πÄ‡∏û‡∏£‡∏≤‡πÄ‡∏ô‡∏∑‡πâ‡∏≠‡πÑ‡∏Ç‡πà‡∏î‡∏≤‡∏ß‡∏î‡∏µ‡∏Å‡∏ß‡πà‡∏≤,366743047016721,427521930787483_645860892286918,10152893236874168
362,‡∏£‡∏™‡∏ä‡∏≤‡∏ï‡∏¥‡πÑ‡∏°‡πà‡∏Ñ‡∏∏‡πâ‡∏° ‡πÅ‡∏Ñ‡∏•‡∏≠‡∏£‡∏µ‡πà‡∏ó‡∏µ‡πà‡πÅ‡∏•‡∏Å‡πÑ‡∏õ‡πÄ‡∏•‡∏¢,366743047016721,427521930787483_645860892286918,306061836251135
363,Kantaya Metawee,366743047016721,427521930787483_644260675780273,781445705243716
364,Tianpunsa Arkornton,366743047016721,427521930787483_644260675780273,883008808384423
365,Airry Natthicha ‡πÑ‡∏õ‡∏•‡∏≠‡∏á‡∏á‡∏á,366743047016721,427521930787483_644260675780273,844753522222278
366,Num Peung,366743047016721,427521930787483_644260675780273,1460238484273775
367,‡∏≠‡∏¢‡∏≤‡∏Å‡πÅ‡∏î‡∏Å‡∏Å‡∏Å‡∏Å‡∏Å‡∏Å‡∏Å‡∏Å‡∏Å‡∏Å‡∏Å‡∏Å‡∏Åüò£,366743047016721,427521930787483_644260675780273,1433326966982580
368,Thiphakorn Aksornniti,366743047016721,427521930787483_644260675780273,749306708485405
369,‡∏≠‡∏ô‡∏±‡∏ô‡∏Ñ‡πà‡∏∞ ‡∏°‡∏µ‡∏Ç‡∏≠‡∏á‡∏Å‡∏¥‡∏ô‡∏°‡∏≤‡πÅ‡∏ô‡∏∞‡∏ô‡∏≥‡∏Ñ‡πà‡∏∞Anantachai Meen,366743047016721,427521930787483_644260675780273,892976397429726
370,‡∏á‡∏≤‡∏°‡πÑ‡∏™‡πâ ‡πÄ‡∏•‡∏¢‡πÅ‡∏≠‡∏î ‡∏≠‡∏¢‡∏≤‡∏Å‡πÅ‡∏î‡∏Å‡πÑ‡∏™‡πâ +555+,366743047016721,427521930787483_644260675780273,10204584151499648
371,Muthtana Muth,366743047016721,427521930787483_644260675780273,826095664085104
372,maythinee kanthachaiwan. ‡∏ß‡∏±‡∏ô‡πÑ‡∏´‡∏ô‡∏î‡∏µ,366743047016721,427521930787483_644260675780273,10205300624847533
373,Treechat Katewattanakij,366743047016721,427521930787483_644260675780273,10204797326554368
374,Edd Wichai,366743047016721,427521930787483_644260675780273,865345173483845
375,‡∏ã‡∏≠‡∏¢‡πÅ‡∏â‡∏•‡πâ‡∏°‡∏ô‡∏¥‡∏°‡∏¥‡∏ï‡∏£‡∏ï‡∏£‡∏á‡∏Ç‡πâ‡∏≤‡∏°‡∏õ‡∏±‡πä‡∏°‡πÅ‡∏Å‡πá‡∏™‡∏Ñ‡∏£‡∏±‡∏ö ‡πÄ‡∏Ç‡πâ‡∏≤‡πÄ‡∏à‡∏£‡∏¥‡∏ç‡∏Å‡∏£‡∏∏‡∏á107 (‡∏õ‡∏£‡∏∞‡∏î‡∏π‡πà)‡∏´‡∏£‡∏∑‡∏≠‡∏û‡∏£‡∏∞‡∏£‡∏≤‡∏°3‡∏ã‡∏≠‡∏¢19‡∏Å‡πá‡πÑ‡∏î‡πâ‡∏Ñ‡∏£‡∏±‡∏ö ‡πÄ‡∏õ‡∏¥‡∏î4‡πÇ‡∏°‡∏á‡πÄ‡∏¢‡πá‡∏ô‡∏ñ‡∏∂‡∏á‡πÄ‡∏ó‡∏µ‡πà‡∏¢‡∏á‡∏Ñ‡∏∑‡∏ô‡∏ô‡∏∞‡∏Ñ‡∏£‡∏±‡∏ö ‡πÇ‡∏ó‡∏£022891289. http://www.duckisnow.com/index.php?mo=10&art=42318327,366743047016721,427521930787483_644260675780273,146345852197901
376,Kornthep Ngamaschriyakul,366743047016721,427521930787483_644260675780273,10152871823869929
377,Mild Melody,366743047016721,427521930787483_644260675780273,764566050285553
378,‡∏Ñ‡∏¥‡∏î‡∏ñ‡∏∂‡∏á '‡πÑ‡∏™‡πâ‡πÄ‡∏õ‡πá‡∏î‡∏î‡∏î‡∏î‡∏î‡∏î‡∏î‡∏î‡∏î' üòãüòãüòã,366743047016721,427521930787483_644260675780273,880694928630244
379,Wuthiporn Nutz Sookchuay ‡∏£‡∏≠‡∏≠‡∏¢‡∏π‡πà,366743047016721,427521930787483_644260675780273,845512225473469
380,,366743047016721,427521930787483_644260675780273,284732705343318
381,Yoddy Supapwan ‡∏ó‡∏≥‡πÄ‡∏õ‡∏ô‡πÑ‡∏•‡∏Ñ‡πå,366743047016721,427521930787483_644260675780273,10203185498109294
382,‡∏ü‡∏≤‡∏¢ ‡πÑ‡∏•‡∏Ñ‡πå‡πÄ‡∏û‡∏à‡πÄ‡∏´‡∏≠‡∏∞ ‡∏î‡∏π‡πÄ‡∏õ‡πá‡∏ô‡∏õ‡∏∞‡πÄ‡∏ô‡∏µ‡πà‡∏¢,366743047016721,427521930787483_644260675780273,985896901421211
383,Prangnatta Paoribut,366743047016721,427521930787483_644260675780273,807102466052613
384,Komkrid Inka..‡∏•‡∏≠‡∏á‡∏î‡∏π‡∏î‡∏¥‡πà,366743047016721,427521930787483_644260675780273,575579595945480
385,‡πÑ‡∏™‡πâ‡πÄ‡∏õ‡πá‡∏ô‡∏£‡πâ‡∏≤‡∏ô‡∏ô‡∏µ‡πâ‡πÄ‡∏î‡πá‡∏î‡∏°‡∏≤‡∏Å ‡∏™‡∏î ‡∏™‡∏∞‡∏≠‡∏≤‡∏î ‡πÑ‡∏°‡πà‡∏°‡∏µ‡∏Å‡∏•‡∏¥‡πà‡∏ô‡πÄ‡∏´‡∏°‡πá‡∏ô ‡πÄ‡∏Ñ‡∏µ‡πâ‡∏¢‡∏ß‡∏Å‡∏£‡∏∏‡∏ö‡∏ó‡∏∏‡∏Å‡πÄ‡∏™‡πâ‡∏ô ‡∏Å‡∏¥‡∏ô‡∏ó‡∏µ‡πà‡∏£‡πâ‡∏≤‡∏ô‡πÄ‡∏™‡∏£‡πá‡∏à‡∏ï‡πâ‡∏≠‡∏á‡∏™‡∏±‡πà‡∏á‡πÑ‡∏™‡πâ‡πÄ‡∏õ‡πá‡∏î‡∏Å‡∏•‡∏±‡∏ö‡∏ö‡πâ‡∏≤‡∏ô‡πÅ‡∏Å‡∏•‡πâ‡∏°‡πÄ‡∏ö‡∏µ‡∏¢‡∏£‡πå‡∏ó‡∏∏‡∏Å‡∏ó‡∏µ,366743047016721,427521930787483_644260675780273,795162110526593
386,Supakorn Patiparn,366743047016721,427521930787483_644260675780273,886440594718025
387,Khongkwan K. Sudjai ‡πÑ‡∏õ‡∏•‡∏≠‡∏á‡πÜ‡πÑ‡∏°‡πà‡πÑ‡∏Å‡∏•‡πÜ,366743047016721,427521930787483_644260675780273,818292744895598
388,‡∏ö‡∏¥‡∏ß‡πÜ ‡πÄ‡∏õ‡πá‡∏î‡∏î‡∏î Bew Supunsa,366743047016721,427521930787483_644260675780273,795281057260103
389,,366743047016721,427521930787483_644260675780273,147099065631301
390,,366743047016721,427521930787483_644260675780273,147099065631301
391,Patsachai Chotchutakul,366743047016721,427521930787483_644260675780273,1528919244036620
392,Praew Jutaluck ‡∏£‡∏µ‡∏ö‡∏°‡∏≤‡∏Ç‡∏±‡∏ö‡∏£‡∏ñ‡πÑ‡∏õ‡∏Å‡∏¥‡∏ô‡∏Å‡∏±‡∏ô,366743047016721,427521930787483_644260675780273,1522065008051431
393,Chanan Chi,366743047016721,427521930787483_644260675780273,780346385385876
394,‡∏ô‡πà‡∏≤‡∏ó‡∏≤‡∏ô‡∏°‡∏≤‡∏Å,366743047016721,427521930787483_644260675780273,10203275408397572
395,"Annop Nac ‡∏°‡∏µ‡∏á‡∏à‡∏≥‡∏£‡πâ‡∏≤‡∏ô‡∏ô‡∏µ‡πâ‡πÑ‡∏î‡πâ‡πÑ‡∏´‡∏°
Kitchai Chokepattanasap ‡∏à‡∏≥‡πÑ‡∏î‡πâ‡∏õ‡∏∞‡∏Å‡∏π‡πã",366743047016721,427521930787483_644260675780273,546575598816905
396,‡πÄ‡∏à‡∏£‡∏¥‡∏ç‡∏Å‡∏£‡∏∏‡∏á107‡∏°‡∏±‡∏ô‡∏à‡∏∞‡∏≠‡∏¢‡∏π‡πà‡∏ä‡πà‡∏ß‡∏á‡πÑ‡∏´‡∏ô‡∏Ñ‡∏±‡∏ö,366743047016721,427521930787483_644260675780273,679602005467143
397,Maruko Wantawim,366743047016721,427521930787483_644260675780273,10202831040361984
398,Raticha Kaa,366743047016721,427521930787483_644260675780273,944311105578990
399,Ellecohol Niruttisaivorakul,366743047016721,427521930787483_644260675780273,10205205177317343
400,Moo-Moo MOo,366743047016721,427521930787483_644260675780273,940973675973610
401,‡∏≠‡∏∏‡πâ‡∏¢‡∏≠‡∏¢‡∏≤‡∏Å‡πÅ‡∏î‡∏Å‡∏û‡∏≠‡∏î‡∏µ,366743047016721,427521930787483_644260675780273,1402855906407477
402,Kao Impet,366743047016721,427521930787483_644260675780273,938490799499683
403,üìåüìå,366743047016721,427521930787483_644260675780273,576142135907200
404,‡∏à‡∏≤‡∏ô‡∏ö‡∏ô ‡∏à‡∏≤‡∏ô‡∏ö‡∏ô üòç,366743047016721,427521930787483_644260675780273,1008901229123990
405,Chaninporn Janoo ‡πÄ‡∏õ‡πá‡∏î,366743047016721,427521930787483_644260675780273,779426588762407
406,Nong S Tang‡∏ô‡πà‡∏≤‡∏Å‡∏¥‡∏ô‡∏≠‡πà‡∏∞,366743047016721,427521930787483_644260675780273,531931000272075
407,Yohei-sarut Sukasem,366743047016721,427521930787483_644260675780273,10208044390806464
408,Weerakul Gosaiyasit ‡∏à‡∏∞‡∏Ç‡∏≤‡∏î‡πÉ‡∏à,366743047016721,427521930787483_644260675780273,10152913176856358
409,Danuchet Tocharoen,366743047016721,427521930787483_644260675780273,750344851739909
410,‡∏ô‡πà‡∏≤‡πÅ‡∏î‡∏Å!!!!üòé,366743047016721,427521930787483_644260675780273,1787981464832668
411,Tri Ple   ‡πÉ‡∏Å‡∏•‡πâ‡πÜ,366743047016721,427521930787483_644260675780273,861834183934958
412,‡∏Å‡∏£‡∏∞‡∏ï‡πâ‡∏≠‡∏° ‡∏≠‡∏≤‡∏°‡∏≤‡∏ï‡∏°‡∏ô‡∏ï‡∏£‡∏µ,366743047016721,427521930787483_644260675780273,572944442811066
413,Songpol Wara-asawapati,366743047016721,427521930787483_644260675780273,10203307729846647
414,Mam Jaruwan Aisawan ‡πÑ‡∏õ‡∏Å‡∏±‡∏ô‡∏≠‡∏¢‡∏≤‡∏Å‡πÅ‡∏î‡∏Å‡∏°‡∏≤‡∏Å,366743047016721,427521930787483_644260675780273,832061420191503
415,Varistha Borkird ‡∏≠‡∏¢‡∏≤‡∏Å,366743047016721,427521930787483_644260675780273,887797287913939
416,X-man Sure,366743047016721,427521930787483_644260675780273,4833754057288
417,Kaew Thanaphatthana,366743047016721,427521930787483_644260675780273,134035723734472
418,‡∏™‡πà‡∏á‡∏ï‡∏±‡∏ß‡∏≠‡∏¢‡πà‡∏≤‡∏á‡∏°‡∏≤‡∏ï‡∏±‡∏ß‡∏ô‡∏∂‡∏á,366743047016721,427521930787483_644260675780273,1677925615765937
419,Kanawat Chuenjaicham,366743047016721,427521930787483_644260675780273,959407480737565
420,Smaimai Kc‡∏´‡∏¥‡∏ß‡∏ß‡∏ß‡∏ß‡∏ß,366743047016721,427521930787483_644260675780273,1012930362057072
421,Krittaluck Somasa ‡∏°‡∏∂‡∏á‡∏Å‡∏¥‡∏ô‡πÄ‡∏õ‡πá‡∏î‡∏°‡∏±‡πà‡∏¢,366743047016721,427521930787483_644260675780273,747619621946557
422,Kong Naputt,366743047016721,427521930787483_644260675780273,997180173629472
423,Ploy Manunya ‡∏≠‡∏∞,366743047016721,427521930787483_644260675780273,10153240388270064
424,Supalak Rmutt,366743047016721,427521930787483_644260675780273,742356672514019
425,Oratai Samranpanist,366743047016721,427521930787483_644260675780273,756679771116666
426,Gikkig Kikkik,366743047016721,427521930787483_644260675780273,752370431512639
427,üìåüìå,366743047016721,427521930787483_644260675780273,790328267686375
428,‡∏ï‡∏±‡∏ß‡πÅ‡∏™‡∏ö ‡∏õ‡∏≤‡∏Å‡∏£‡πâ‡∏≤‡∏¢,366743047016721,427521930787483_644260675780273,187413355097363
429,Nunnapas Tatpornsitthidet,366743047016721,427521930787483_644260675780273,233064636900378
430,Khongkwan K. Sudjai ‡∏ô‡∏µ‡πà‡∏Å‡πâ‡∏≠‡πÄ‡∏ü‡∏µ‡πâ‡∏¢‡∏ß‡πÑ‡∏°‡πà‡πÑ‡∏Å‡∏•‡∏Å‡∏±‡∏ô,366743047016721,427521930787483_644260675780273,818292744895598
431,‡∏°‡∏µ‡πÄ‡∏ß‡∏•‡∏≤ ‡πÄ‡∏à‡∏≠‡∏Å‡∏±‡∏ô ‡∏Ç‡∏≠‡∏á‡∏ä‡∏≠‡∏ö‡πÄ‡∏•‡∏¢ ‡πÄ‡∏õ‡πá‡∏î,366743047016721,427521930787483_644260675780273,180467702425018
432,Sine Artittaya ‡∏û‡∏≤‡πÑ‡∏õ‡∏Å‡∏¥‡∏ô‡∏´‡∏ô‡πà‡∏≠‡∏¢,366743047016721,427521930787483_644260675780273,1135329663151051
433,‡∏ï‡πâ‡∏≠‡∏á‡πÑ‡∏õ‡πÅ‡∏î‡∏Å‡πÅ‡∏•‡πâ‡∏ß‡πÅ‡∏ö‡∏ö‡∏ô‡∏µ‡πâ55555,366743047016721,427521930787483_644260675780273,279371958934079
434,N'non Onz ‡∏á‡∏∑‡πâ‡∏≠‡∏≠‡∏≠,366743047016721,427521930787483_644260675780273,922038651143417
435,‡∏¢‡∏∏‡∏ï‡∏£‡∏á‡πÉ‡∏´‡∏ô‡∏™‡∏±‡∏á‡πÄ‡∏Å‡∏∏‡∏ï‡∏ó‡∏∏‡∏Å‡∏ß‡∏±‡∏ô‡πÑ‡∏°‡πà‡πÄ‡∏´‡∏ô‡∏à‡∏ô‡∏õ‡∏±‡πä‡∏°‡πÅ‡∏Å‡πä‡∏™‡∏ó‡∏∏‡∏ö‡∏•‡πà‡∏∞,366743047016721,427521930787483_644260675780273,1659826247568529
436,Nan Sasitorn‡πÑ‡∏õ‡∏Å‡∏¥‡∏ô‡∏Å‡∏±‡∏ô,366743047016721,427521930787483_644260675780273,1588088074802416
437,‡∏ó‡∏≠‡∏á‡∏™‡∏∏‡∏Å ‡∏™‡∏∏‡∏ò‡∏£‡∏£‡∏°‡πÇ‡∏Å‡∏®‡∏• Raksak Jaruakkaranuwat. ‡πÄ‡∏≠‡∏≤‡∏î‡∏µ‡πâ,366743047016721,427521930787483_644260675780273,1608585936024784
438,‡∏•‡∏≠‡∏á‡∏î‡∏π‡πÉ‡∏™‡πâ‡πÄ‡∏õ‡πá‡∏î‡∏™‡∏≤‡∏¢ 2 ‡∏´‡∏ô‡πâ‡∏≤‡∏°.‡πÄ‡∏û‡∏ä‡∏£‡πÄ‡∏Å‡∏©‡∏° 3 ‡∏Ç‡πâ‡∏≤‡∏á‡πÄ‡∏ã‡πà‡πÄ‡∏ß‡πà‡∏ô ‡∏ï‡∏•‡∏≤‡∏î‡∏ô‡∏±‡∏î‡∏ß‡∏±‡∏ô‡∏≠‡∏≤‡∏ó‡∏¥‡∏ï‡∏¢‡πå,366743047016721,427521930787483_644260675780273,992634734098943
439,Yuii Patcharee ‡∏≠‡∏¢‡∏≤‡∏Å‡∏Å‡∏¥‡∏ô,366743047016721,427521930787483_644260675780273,832635160088346
440,Nan Chutima,366743047016721,427521930787483_644260675780273,10152356913489254
441,Guide Apache  ‡∏†‡∏≤‡∏ô‡∏∏ ‡πÄ‡∏à‡∏£‡∏¥‡∏ç‡∏™‡∏∏‡∏Ç ‡∏Å‡∏∏‡πÄ‡∏•‡∏µ‡πâ‡∏¢‡∏á‡∏û‡∏≤‡∏Å‡∏∏‡πÑ‡∏õ‡∏ó‡∏µ,366743047016721,427521930787483_644260675780273,701918689931275
442,Non Buabutra ‡πÅ‡∏ñ‡∏ß‡∏ö‡πâ‡∏≤‡∏ô‡∏õ‡∏∞‡∏ß‡∏∞,366743047016721,427521930787483_644260675780273,681982475212406
443,Nit Keaw ‡∏à‡∏±‡∏î‡∏°‡∏≤‡∏™‡∏±‡∏Å‡∏ï‡∏±‡∏ß,366743047016721,427521930787483_644260675780273,984154638265324
444,Nawapan Banjongkaew ‡∏£‡πâ‡∏≤‡∏ô‡∏≠‡∏¢‡∏π‡πà‡πÉ‡∏Å‡∏•‡πâ‡πÄ‡∏Æ‡∏µ‡∏¢‡∏´‡∏°‡∏±‡∏Å‡πÄ‡∏°‡πâ‡∏á ‡∏ô‡πà‡∏≤‡πÑ‡∏õ‡∏Å‡∏¥‡∏ô‡∏°‡∏±‡πâ‡∏¢ ‡∏≠‡∏¥‡∏≠‡∏¥,366743047016721,427521930787483_644260675780273,484248428380284
445,Pailin Goongging ...üçú,366743047016721,427521930787483_644260675780273,837715802943065
446,Benz Suthiwenin,366743047016721,427521930787483_644260675780273,398674366947809
447,Papob Wisidlanon ‡∏™‡∏±‡∏™‡∏ï‡πâ‡∏≠‡∏á‡πÅ‡∏î‡∏Å,366743047016721,427521930787483_644260675780273,975041032509402
448,Waranthorn Min,366743047016721,427521930787483_644260675780273,561631040648683
449,Savitree Lerth ‡πÑ‡∏õ‡∏°‡∏±‡πä‡∏¢‡∏ô‡πâ‡∏≠‡∏á,366743047016721,427521930787483_644260675780273,685157528255577
450,Sivasaran Kasornmasmanee,366743047016721,427521930787483_644260675780273,748441511891075
451,‡∏≠‡∏∑‡∏≠‡∏´‡∏∑‡∏≠Puripat Timpu,366743047016721,427521930787483_644260675780273,723581704390628
452,Phuwanut Liawcharoensirichai ‡πÑ‡∏≠‡πâ‡∏≠‡πâ‡∏ß‡∏ô‡πÑ‡∏õ‡∏•‡∏≠‡∏á‡∏Å‡∏±‡∏ô‡∏ô‡∏ô‡∏ô‡∏ô‡∏ô‡∏ô‡∏ô‡∏ô‡∏ô,366743047016721,427521930787483_644260675780273,232812313585598
453,Yu-ii Benyapha,366743047016721,427521930787483_644260675780273,759062934134506
454,‡πÑ‡∏Å‡∏£‡∏§‡∏Å‡∏©‡πå ‡∏Ü‡∏≤‡∏£‡πÑ‡∏™‡∏ß ‡∏ô‡πà‡∏≤‡∏Å‡∏¥‡∏ô,366743047016721,427521930787483_644260675780273,737147569639682
455,Poom Kanawaree ‡∏≠‡∏¢‡∏≤‡∏Å‡∏ß‡∏∞,366743047016721,427521930787483_644260675780273,771367939590372
456,Wilawan Zine  Aom Saewong  Fon Rujiranon,366743047016721,427521930787483_644260675780273,969686753061240
457,Tanatphong Bunthawee‡∏≠‡∏¢‡∏≤‡∏Å‡∏Å‡∏¥‡∏ô‡∏™‡∏∏‡∏î‡πÜ,366743047016721,427521930787483_644260675780273,321669808023600
458,Apisit Wongworatewa ‡πÇ‡∏î‡∏ô‡∏°‡∏≤‡∏¢‡∏±‡∏á,366743047016721,427521930787483_644260675780273,838015222920539
459,‡∏ó‡πâ‡∏≠‡∏á‡∏£‡πâ‡∏≠‡∏á J'Ja Ja,366743047016721,427521930787483_644260675780273,782057868528404
460,Kritsada Petchrung‡πÄ‡∏Ñ‡∏¢‡∏Å‡∏¥‡∏ô‡∏¢‡∏±‡∏á,366743047016721,427521930787483_644260675780273,818738174816686
461,,366743047016721,427521930787483_644260675780273,1668229753407385
462,Narongruk Ritdumrongkul,366743047016721,427521930787483_644260675780273,766404833436548
463,Phongthorn Kittipraserdsuk ‡∏´‡∏ô‡∏≠‡∏á‡πÉ‡∏´‡∏ç‡πà ‡πÉ‡∏Å‡∏•‡πâ‡πÜ,366743047016721,427521930787483_644260675780273,186782658439218
464,‡∏û‡∏≠‡∏¢ ‡∏¢‡∏≤‡∏£‡∏¥‡∏™  JanJira Visagesing JP,366743047016721,427521930787483_644260675780273,10204954816297592
465,Guang Tipwataksorn,366743047016721,427521930787483_644260675780273,10156456413365246
466,‡∏Ç‡∏≠‡∏û‡∏¥‡∏Å‡∏±‡∏î..‡∏™‡∏≤‡∏Ç‡∏≤‡∏ö‡∏≤‡∏á‡πÅ‡∏Ñ‡∏î‡πâ‡∏ß‡∏¢‡∏à‡∏£‡πâ‡∏≤‡∏≤‡∏≤‡∏≤   ‡∏≠‡πâ‡∏≠..‡πÄ‡∏õ‡∏¥‡∏î‡πÅ‡∏•‡πâ‡∏ß‡πÉ‡∏ä‡πà‡∏°‡∏±‡πâ‡∏¢?,366743047016721,427521930787483_644260675780273,161277414390692
467,Pathama Kadkaew,366743047016721,427521930787483_644260675780273,849670408408319
468,Sutat Junlapot,366743047016721,427521930787483_644260675780273,141634199800366
469,‡πÄ‡∏î‡∏µ‡πã‡∏¢‡∏ß‡∏Å‡∏π‡∏à‡∏∞‡πÑ‡∏õ‡πÅ‡∏î‡∏Å‡∏≠‡∏¢‡∏π‡πà‡πÅ‡∏Ñ‡πà‡∏ã‡∏≠‡∏¢‡∏≠‡∏¢‡∏π‡πà‡∏î‡∏µ,366743047016721,427521930787483_644260675780273,133765473823080
470,,366743047016721,427521930787483_644260675780273,524180227964345
471,,366743047016721,427521930787483_644260675780273,524180227964345
472,Nattanon Thongkum ‡∏ß‡∏±‡∏ô‡πÄ‡∏™‡∏≤‡∏£‡πå‡πÑ‡∏õ‡∏ô‡∏∞,366743047016721,427521930787483_643800882492919,823386604384318
473,Arpatsara Eammuang,366743047016721,427521930787483_643800882492919,1514609388822701
474,Bua Uthongsap Cud Cuttaleeya Supasri ‡∏™‡∏ô‡∏°‡∏∞‡πÜ,366743047016721,427521930787483_643800882492919,10153418094293298
475,,366743047016721,427521930787483_643800882492919,179848679013892
476,Sasi SpPrapatsara Panma,366743047016721,427521930787483_643800882492919,10152594144467620
477,‡∏°‡∏±‡∏ô‡∏ô‡πà‡∏≤‡∏ô‡∏±‡∏Å,366743047016721,427521930787483_643800882492919,880694928630244
478,Anun Wongpayakyotin ‡∏ô‡πà‡∏≤‡πÑ‡∏õ‡πÇ‡∏î‡∏ô,366743047016721,427521930787483_643800882492919,790510600995991
479,Gifie Narkwachara‡∏ô‡πà‡∏≤‡∏ó‡∏≤‡∏ô‡∏°‡∏≤‡∏Å‡πÜ,366743047016721,427521930787483_643800882492919,834947066523756
480,Napatsarun W. Bewling ‡∏ô‡πà‡∏≤‡∏Å‡∏¥‡∏ô‡∏à‡∏±‡∏á‡πÄ‡∏•‡∏ô‡πÄ‡∏ò‡∏≠,366743047016721,427521930787483_642937095912631,10202556868977680
481,‡∏õ‡∏¥‡∏î‡∏Å‡∏µ‡πà‡∏ó‡∏∏‡πà‡∏°‡∏≠‡πà‡∏≤‡∏≤‡∏≤‡∏≤,366743047016721,427521930787483_642937095912631,113117999024592
482,Num Peung ‡∏´‡∏¥‡∏ß,366743047016721,427521930787483_642937095912631,1460238484273775
483,‡πÅ‡∏î‡∏Å‡∏Å‡∏µ‡πà‡∏Ñ‡∏ô‡πÄ‡∏ô‡∏µ‡πà‡∏¢‡πÅ‡∏≠‡∏î ‡∏Ñ‡∏¥‡∏î‡∏ï‡∏±‡∏á‡∏Ñ‡πå‡∏ó‡∏µ‡∏´‡∏ô‡πâ‡∏≤‡∏°‡∏∑‡∏î,366743047016721,427521930787483_642937095912631,1433326966982580
484,‡∏ä‡∏≠‡∏ö‡∏°‡∏≤‡∏Å‡πÄ‡∏´‡∏°‡∏∑‡∏≠‡∏ô‡∏Å‡∏±‡∏ô‡∏Ñ‡πà‡∏∞,366743047016721,427521930787483_642937262579281,282182665322084
485,Phontakorn Ja,366743047016721,427521930787483_641949792678028,271906816338007
486,Num Peung,366743047016721,427521930787483_641949792678028,1460238484273775
487,Mathew Isaranukhun,366743047016721,427521930787483_641565292716478,944510495560941
488,Sweety'ty Tin‡∏≠‡∏¢‡∏≤‡∏Å‡∏Å,366743047016721,427521930787483_641565292716478,1629427430632437
489,Pow Theerarotwit,366743047016721,427521930787483_641565292716478,757535737671747
490,‡πÑ‡∏õ‡∏Å‡∏±‡∏ô‡∏ô‡∏ô Chonlakarn Chart Meesub,366743047016721,427521930787483_641565292716478,944311105578990
491,Mesa Yanuprom Chotika Ploy,366743047016721,427521930787483_641565292716478,10205383365210228
492,Boat Chintrakulchai ‡πÇ‡∏´‡πâ ‡∏ô‡πà‡∏≤‡∏Å‡∏¥‡∏ô,366743047016721,427521930787483_641565292716478,792796414117791
493,Piyaporn Jimontri,366743047016721,427521930787483_641565292716478,987417061285417
494,Mountain Ice'mantle  ‡πÄ‡∏´‡∏µ‡πâ‡∏¢‡∏¢‡∏¢‡∏¢‡∏¢‡∏¢‡∏¢‡∏¢!!!!!!!,366743047016721,427521930787483_641565292716478,10204196417487000
495,‡πÄ‡∏ö‡∏≤‡∏°‡∏≤‡∏Å‡πÄ‡∏¢‡∏¢,366743047016721,427521930787483_640847422788265,10152526449733936
496,Jip Waranya ‡∏ô‡πà‡∏≤‡∏Å‡∏¥‡∏ô,366743047016721,427521930787483_640847422788265,10202446434562597
497,Mint Stitcheey,366743047016721,427521930787483_640847422788265,878475782173283
498,‡∏™‡∏∏‡∏Ç‡∏†‡∏≤‡∏û‡∏ó‡∏£‡∏∏‡∏î‡∏™‡∏¥‡πÑ‡∏°‡πà‡∏ß‡πà‡∏≤,366743047016721,427521930787483_640847422788265,651177578347238
499,Wanpare Sahastchai,366743047016721,427521930787483_638606006345740,656932597707259
500,View Vieww,366743047016721,427521930787483_638425289697145,642871472769166
501,Gifie Narkwachara,366743047016721,427521930787483_638425289697145,834947066523756
502,‡∏≠‡∏£‡πà‡∏≠‡∏¢‡∏Ñ‡∏≠‡∏ô‡πÄ‡∏ü‡∏¥‡∏£‡πå‡∏° ‡∏ñ‡πâ‡∏≤‡∏Å‡∏¥‡∏ô‡∏ó‡∏µ‡πà‡∏£‡πâ‡∏≤‡∏ô‡∏ô‡∏∞ ‡∏™‡∏±‡πà‡∏á‡∏Å‡∏•‡∏±‡∏ö‡∏°‡∏≤‡∏Å‡∏¥‡∏ô‡∏ö‡πâ‡∏≤‡∏ô‡∏ô‡∏µ‡πà ‡πÑ‡∏°‡πà‡∏≠‡∏£‡πà‡∏≠‡∏¢‡πÄ‡∏´‡∏°‡∏∑‡∏≠‡∏ô‡∏ó‡∏µ‡πà‡∏£‡πâ‡∏≤‡∏ô‡∏≠‡πà‡∏∞,366743047016721,427521930787483_638160906390250,159753244374367
503,‡πÄ‡∏â‡πÇ‡∏õ.. ?,366743047016721,427521930787483_638160906390250,504493079691442
504,Adalis Amm,366743047016721,427521930787483_638160906390250,845512225473469
505,Vichan ‡∏≠‡∏±‡∏ô‡∏ô‡∏µ‡πâ‡∏ó‡∏µ‡πà‡∏ö‡∏≠‡∏Å ‡πÄ‡∏î‡πá‡∏î,366743047016721,427521930787483_638160906390250,10203331880569387
506,Ammy Nakdee,366743047016721,427521930787483_638160906390250,830001973733677
507,‡∏£‡πâ‡∏≤‡∏ô‡∏™‡∏ß‡∏¢‡πÄ‡∏ß‡∏≠‡∏£‡πå Mint Wuttikraimongkol Sitanan Khawsithiwong Duangruetai Chotchawaranon,366743047016721,427521930787483_637240499815624,820768127992675
508,Fon Naphatsorn Peach Axis üëèüëèüôã‚Äç‚ôÇÔ∏èüë®‚Äçüë©‚Äçüëßüë®‚Äçüë©‚Äçüëß,366743047016721,427521930787483_637240499815624,511541238975799
509,üòçüëç‡∏î‡∏µ‡∏à‡∏±‡∏á‡∏°‡∏µ‡∏£‡πâ‡∏≤‡∏ô‡∏î‡∏µ‡πÜ‡∏ä‡∏≠‡∏ö‡∏°‡∏≤‡∏Å‡πÜ‡πÄ‡∏•‡∏¢‡∏Ñ‡πà‡∏∞,366743047016721,427521930787483_637240499815624,1145917325469232
