,created_time,page_id,post_id
0,2017-10-28,456836437854289,456836437854289_717442618460335
1,2017-10-26,456836437854289,456836437854289_716830238521573
2,2017-10-26,456836437854289,456836437854289_716647888539808
3,2017-10-26,456836437854289,456836437854289_716598725211391
4,2017-10-24,456836437854289,456836437854289_715939205277343
5,2017-10-24,456836437854289,456836437854289_715919518612645
6,2017-10-24,456836437854289,456836437854289_715776508626946
7,2017-10-23,456836437854289,456836437854289_715558688648728
8,2017-10-23,456836437854289,456836437854289_715411301996800
9,2017-10-22,456836437854289,456836437854289_715157415355522
10,2017-10-22,456836437854289,456836437854289_715012088703388
11,2017-10-21,456836437854289,456836437854289_714788705392393
12,2017-10-21,456836437854289,456836437854289_714636342074296
13,2017-10-20,456836437854289,456836437854289_714366082101322
14,2017-10-19,456836437854289,456836437854289_713943028810294
15,2017-10-19,456836437854289,456836437854289_713803745490889
16,2017-10-18,456836437854289,456836437854289_713557598848837
17,2017-10-18,456836437854289,456836437854289_713411245530139
18,2017-10-17,456836437854289,456836437854289_713182698886327
19,2017-10-17,456836437854289,456836437854289_713060805565183
20,2017-10-16,456836437854289,456836437854289_712673335603930
21,2017-10-16,456836437854289,456836437854289_712534012284529
22,2017-10-15,456836437854289,456836437854289_712295092308421
23,2017-10-15,456836437854289,456836437854289_712233085647955
24,2017-10-15,456836437854289,456836437854289_712080585663205
25,2017-10-14,456836437854289,456836437854289_711845679020029
26,2017-10-14,456836437854289,456836437854289_711727082365222
27,2017-10-13,456836437854289,456836437854289_711438452394085
28,2017-10-12,456836437854289,456836437854289_711137789090818
29,2017-10-12,456836437854289,456836437854289_711118062426124
30,2017-10-12,456836437854289,456836437854289_710709955800268
31,2017-10-12,456836437854289,456836437854289_710702285801035
32,2017-10-11,456836437854289,456836437854289_710690839135513
33,2017-10-11,456836437854289,456836437854289_710630472474883
34,2017-10-11,456836437854289,456836437854289_710556659148931
35,2017-10-10,456836437854289,456836437854289_710363955834868
36,2017-10-10,456836437854289,456836437854289_710217375849526
37,2017-10-10,456836437854289,456836437854289_710028579201739
38,2017-10-09,456836437854289,456836437854289_709927145878549
39,2017-10-09,456836437854289,456836437854289_709884709216126
40,2017-10-09,456836437854289,456836437854289_709790249225572
41,2017-10-08,456836437854289,456836437854289_709545415916722
42,2017-10-08,456836437854289,456836437854289_709485639256033
43,2017-10-08,456836437854289,456836437854289_709383669266230
44,2017-10-08,456836437854289,456836437854289_709410469263550
45,2017-10-08,456836437854289,456836437854289_709394809265116
46,2017-10-07,456836437854289,456836437854289_709140039290593
47,2017-10-07,456836437854289,456836437854289_709082855962978
48,2017-10-07,456836437854289,456836437854289_709022609302336
49,2017-10-07,456836437854289,456836437854289_708987999305797
50,2017-10-07,456836437854289,456836437854289_708964945974769
51,2017-10-06,456836437854289,456836437854289_708704206000843
52,2017-10-06,456836437854289,456836437854289_708595976011666
53,2017-10-05,456836437854289,456836437854289_708361782701752
54,2017-10-05,456836437854289,456836437854289_708213896049874
55,2017-10-05,456836437854289,456836437854289_708203376050926
56,2017-10-04,456836437854289,456836437854289_707994306071833
57,2017-10-04,456836437854289,456836437854289_707944886076775
58,2017-10-03,456836437854289,456836437854289_707633346107929
59,2017-10-03,456836437854289,456836437854289_707579536113310
60,2017-10-03,456836437854289,456836437854289_707504222787508
61,2017-10-02,456836437854289,456836437854289_707243179480279
62,2017-10-02,456836437854289,456836437854289_707217406149523
63,2017-10-02,456836437854289,456836437854289_707217126149551
64,2017-10-02,456836437854289,456836437854289_707177532820177
65,2017-10-02,456836437854289,456836437854289_707073712830559
66,2017-10-01,456836437854289,456836437854289_706838862854044
67,2017-09-30,456836437854289,456836437854289_705880066283257
68,2017-09-30,456836437854289,456836437854289_706321922905738
69,2017-09-29,456836437854289,456836437854289_705999376271326
70,2017-09-29,456836437854289,456836437854289_705847042953226
71,2017-09-28,456836437854289,456836437854289_705623629642234
72,2017-09-28,456836437854289,456836437854289_705607096310554
73,2017-09-28,456836437854289,456836437854289_705495889655008
74,2017-09-28,456836437854289,456836437854289_705466356324628
75,2017-09-27,456836437854289,456836437854289_705234383014492
76,2017-09-27,456836437854289,456836437854289_705218533016077
77,2017-09-27,456836437854289,456836437854289_705109099693687
78,2017-09-26,456836437854289,456836437854289_704853516385912
79,2017-09-26,456836437854289,456836437854289_704791249725472
80,2017-09-26,456836437854289,456836437854289_704663186404945
81,2017-09-25,456836437854289,456836437854289_704482119756385
82,2017-09-25,456836437854289,456836437854289_704423643095566
83,2017-09-25,456836437854289,456836437854289_704267243111206
84,2017-09-24,456836437854289,456836437854289_704061806465083
85,2017-09-24,456836437854289,456836437854289_703967959807801
86,2017-09-24,456836437854289,456836437854289_703440193193911
87,2017-09-23,456836437854289,456836437854289_703636776507586
88,2017-09-23,456836437854289,456836437854289_703160406555223
89,2017-09-22,456836437854289,456836437854289_703246216546642
90,2017-09-22,456836437854289,456836437854289_703084823229448
91,2017-09-21,456836437854289,456836437854289_702821883255742
92,2017-09-21,456836437854289,456836437854289_702762239928373
93,2017-09-21,456836437854289,456836437854289_702663529938244
94,2017-09-20,456836437854289,456836437854289_702318583306072
95,2017-09-20,456836437854289,456836437854289_702001893337741
96,2017-09-19,456836437854289,456836437854289_701924690012128
97,2017-09-19,456836437854289,456836437854289_701794226691841
98,2017-09-18,456836437854289,456836437854289_701505576720706
99,2017-09-18,456836437854289,456836437854289_701389793398951
100,2017-09-17,456836437854289,456836437854289_701126853425245
101,2017-09-17,456836437854289,456836437854289_700982386773025
102,2017-09-17,456836437854289,456836437854289_700944196776844
103,2017-09-16,456836437854289,456836437854289_700326643505266
104,2017-09-16,456836437854289,456836437854289_700557923482138
105,2017-09-16,456836437854289,456836437854289_700382553499675
106,2017-09-15,456836437854289,456836437854289_700316960172901
107,2017-09-15,456836437854289,456836437854289_700262763511654
108,2017-09-15,456836437854289,456836437854289_699973586873905
109,2017-09-14,456836437854289,456836437854289_699867413551189
110,2017-09-14,456836437854289,456836437854289_699521313585799
111,2017-09-14,456836437854289,456836437854289_699749623562968
112,2017-09-13,456836437854289,456836437854289_699136313624299
113,2017-09-13,456836437854289,456836437854289_699131563624774
114,2017-09-13,456836437854289,456836437854289_699146213623309
115,2017-09-12,456836437854289,456836437854289_699085286962735
116,2017-09-12,456836437854289,456836437854289_698740630330534
117,2017-09-12,456836437854289,456836437854289_698962453641685
118,2017-09-11,456836437854289,456836437854289_698693057001958
119,2017-09-11,456836437854289,456836437854289_698652920339305
120,2017-09-11,456836437854289,456836437854289_698540537017210
121,2017-09-10,456836437854289,456836437854289_697823010422296
122,2017-09-10,456836437854289,456836437854289_698183827052881
123,2017-09-10,456836437854289,456836437854289_698032727067991
124,2017-09-09,456836437854289,456836437854289_697794300425167
125,2017-09-09,456836437854289,456836437854289_696757180528879
126,2017-09-08,456836437854289,456836437854289_696695537201710
127,2017-09-08,456836437854289,456836437854289_697413643796566
128,2017-09-08,456836437854289,456836437854289_697336733804257
129,2017-09-08,456836437854289,456836437854289_697291960475401
130,2017-09-07,456836437854289,456836437854289_697085437162720
131,2017-09-07,456836437854289,456836437854289_697050873832843
132,2017-09-07,456836437854289,456836437854289_696697510534846
133,2017-09-06,456836437854289,456836437854289_696694097201854
134,2017-09-06,456836437854289,456836437854289_696563853881545
135,2017-09-05,456836437854289,456836437854289_696340640570533
136,2017-09-05,456836437854289,456836437854289_696295713908359
137,2017-09-05,456836437854289,456836437854289_696277530576844
138,2017-09-05,456836437854289,456836437854289_696199717251292
139,2017-09-04,456836437854289,456836437854289_695975983940332
140,2017-09-04,456836437854289,456836437854289_695775427293721
141,2017-09-04,456836437854289,456836437854289_695762330628364
142,2017-09-03,456836437854289,456836437854289_695469080657689
143,2017-09-03,456836437854289,456836437854289_695411080663489
144,2017-09-03,456836437854289,456836437854289_695320930672504
145,2017-09-02,456836437854289,456836437854289_695072904030640
146,2017-09-02,456836437854289,456836437854289_694958560708741
147,2017-09-02,456836437854289,456836437854289_694878837383380
148,2017-09-01,456836437854289,456836437854289_694627724075158
149,2017-09-01,456836437854289,456836437854289_694615850743012
150,2017-09-01,456836437854289,456836437854289_694497264088204
151,2017-09-01,456836437854289,456836437854289_694297590774838
152,2017-09-01,456836437854289,456836437854289_694445924093338
153,2017-08-31,456836437854289,456836437854289_694243340780263
154,2017-08-31,456836437854289,456836437854289_694230000781597
155,2017-08-31,456836437854289,456836437854289_694022837468980
156,2017-08-31,456836437854289,456836437854289_694091864128744
157,2017-08-30,456836437854289,456836437854289_693891610815436
158,2017-08-30,456836437854289,456836437854289_693810700823527
159,2017-08-30,456836437854289,456836437854289_693438510860746
160,2017-08-30,456836437854289,456836437854289_693053940899203
161,2017-08-29,456836437854289,456836437854289_693048807566383
162,2017-08-29,456836437854289,456836437854289_691115561093041
163,2017-08-29,456836437854289,456836437854289_693288274209103
164,2017-08-29,456836437854289,456836437854289_693034864234444
165,2017-08-28,456836437854289,456836437854289_693031697568094
166,2017-08-28,456836437854289,456836437854289_692943410910256
167,2017-08-28,456836437854289,456836437854289_690750134462917
168,2017-08-27,456836437854289,456836437854289_692624570942140
169,2017-08-27,456836437854289,456836437854289_692565447614719
170,2017-08-27,456836437854289,456836437854289_692559877615276
171,2017-08-27,456836437854289,456836437854289_692454090959188
172,2017-08-26,456836437854289,456836437854289_691467024391228
173,2017-08-26,456836437854289,456836437854289_690379081166689
174,2017-08-26,456836437854289,456836437854289_691086304429300
175,2017-08-26,456836437854289,456836437854289_692136327657631
176,2017-08-25,456836437854289,456836437854289_691865447684719
177,2017-08-25,456836437854289,456836437854289_691098774428053
178,2017-08-25,456836437854289,456836437854289_688382654699665
179,2017-08-24,456836437854289,456836437854289_689959177875346
180,2017-08-24,456836437854289,456836437854289_691435934394337
181,2017-08-24,456836437854289,456836437854289_689761181228479
182,2017-08-24,456836437854289,456836437854289_691316584406272
183,2017-08-24,456836437854289,456836437854289_691104997760764
184,2017-08-23,456836437854289,456836437854289_690312864506644
185,2017-08-23,456836437854289,456836437854289_689170324620898
186,2017-08-23,456836437854289,456836437854289_690772697793994
187,2017-08-23,456836437854289,456836437854289_690753534462577
188,2017-08-22,456836437854289,456836437854289_690328574505073
189,2017-08-22,456836437854289,456836437854289_690326141171983
190,2017-08-22,456836437854289,456836437854289_690310671173530
191,2017-08-21,456836437854289,456836437854289_690309997840264
192,2017-08-21,456836437854289,456836437854289_690294491175148
193,2017-08-21,456836437854289,456836437854289_689763987894865
194,2017-08-21,456836437854289,456836437854289_689967241207873
195,2017-08-20,456836437854289,456836437854289_688362811368316
196,2017-08-20,456836437854289,456836437854289_689821597889104
197,2017-08-20,456836437854289,456836437854289_689752887895975
198,2017-08-20,456836437854289,456836437854289_689175501287047
199,2017-08-19,456836437854289,456836437854289_689500337921230
200,2017-08-19,456836437854289,456836437854289_689479301256667
201,2017-08-19,456836437854289,456836437854289_688798291324768
202,2017-08-19,456836437854289,456836437854289_687933744744556
203,2017-08-18,456836437854289,456836437854289_689107924627138
204,2017-08-18,456836437854289,456836437854289_687927264745204
205,2017-08-18,456836437854289,456836437854289_688775024660428
206,2017-08-17,456836437854289,456836437854289_688488978022366
207,2017-08-17,456836437854289,456836437854289_688342148037049
208,2017-08-17,456836437854289,456836437854289_687914088079855
209,2017-08-16,456836437854289,456836437854289_688336171370980
210,2017-08-16,456836437854289,456836437854289_687463054791625
211,2017-08-16,456836437854289,456836437854289_687921861412411
212,2017-08-15,456836437854289,456836437854289_684919718379292
213,2017-08-15,456836437854289,456836437854289_687840031420594
214,2017-08-15,456836437854289,456836437854289_687476594790271
215,2017-08-14,456836437854289,456836437854289_686177081586889
216,2017-08-14,456836437854289,456836437854289_687408268130437
217,2017-08-14,456836437854289,456836437854289_685685584969372
218,2017-08-13,456836437854289,456836437854289_685355685002362
219,2017-08-13,456836437854289,456836437854289_686923254845605
220,2017-08-13,456836437854289,456836437854289_685153455022585
221,2017-08-12,456836437854289,456836437854289_686544581550139
222,2017-08-12,456836437854289,456836437854289_685149668356297
223,2017-08-12,456836437854289,456836437854289_686429041561693
224,2017-08-12,456836437854289,456836437854289_686393858231878
225,2017-08-11,456836437854289,456836437854289_686088248262439
226,2017-08-11,456836437854289,456836437854289_686062658264998
227,2017-08-11,456836437854289,456836437854289_685324141672183
228,2017-08-10,456836437854289,456836437854289_685147205023210
229,2017-08-10,456836437854289,456836437854289_685653118305952
230,2017-08-10,456836437854289,456836437854289_685620171642580
231,2017-08-10,456836437854289,456836437854289_685140658357198
232,2017-08-09,456836437854289,456836437854289_684008135137117
233,2017-08-09,456836437854289,456836437854289_685236601680937
234,2017-08-09,456836437854289,456836437854289_684873005050630
235,2017-08-09,456836437854289,456836437854289_685099395027991
236,2017-08-08,456836437854289,456836437854289_683921868479077
237,2017-08-08,456836437854289,456836437854289_684841241720473
238,2017-08-08,456836437854289,456836437854289_681130668758197
239,2017-08-07,456836437854289,456836437854289_684441495093781
240,2017-08-07,456836437854289,456836437854289_683950288476235
241,2017-08-07,456836437854289,456836437854289_680989985438932
242,2017-08-06,456836437854289,456836437854289_683593275178603
243,2017-08-06,456836437854289,456836437854289_683992898471974
244,2017-08-06,456836437854289,456836437854289_681643968706867
245,2017-08-05,456836437854289,456836437854289_681017602102837
246,2017-08-04,456836437854289,456836437854289_683183291886268
247,2017-08-04,456836437854289,456836437854289_683130911891506
248,2017-08-04,456836437854289,456836437854289_683004828570781
249,2017-08-03,456836437854289,456836437854289_682761665261764
250,2017-08-03,456836437854289,456836437854289_680699105468020
251,2017-08-02,456836437854289,456836437854289_681102378761026
252,2017-08-02,456836437854289,456836437854289_670701676467763
253,2017-08-02,456836437854289,456836437854289_682144501990147
254,2017-08-01,456836437854289,456836437854289_681244762080121
255,2017-08-01,456836437854289,456836437854289_681896305348300
256,2017-08-01,456836437854289,456836437854289_679445975593333
257,2017-07-31,456836437854289,456836437854289_680855922119005
258,2017-07-31,456836437854289,456836437854289_681012958769968
259,2017-07-30,456836437854289,456836437854289_680420482162549
260,2017-07-30,456836437854289,456836437854289_681030552101542
261,2017-07-30,456836437854289,456836437854289_679444962260101
262,2017-07-29,456836437854289,456836437854289_680560285481902
263,2017-07-29,456836437854289,456836437854289_680681075469823
264,2017-07-29,456836437854289,456836437854289_680622222142375
265,2017-07-28,456836437854289,456836437854289_680304838840780
266,2017-07-28,456836437854289,456836437854289_680231822181415
267,2017-07-27,456836437854289,456836437854289_677714955766435
268,2017-07-27,456836437854289,456836437854289_678491979022066
269,2017-07-27,456836437854289,456836437854289_679700802234517
270,2017-07-26,456836437854289,456836437854289_679329262271671
271,2017-07-26,456836437854289,456836437854289_677871489084115
272,2017-07-26,456836437854289,456836437854289_678510079020256
273,2017-07-25,456836437854289,456836437854289_678475305690400
274,2017-07-25,456836437854289,456836437854289_678814352323162
275,2017-07-25,456836437854289,456836437854289_677851979086066
276,2017-07-24,456836437854289,456836437854289_677729529098311
277,2017-07-24,456836437854289,456836437854289_678323965705534
278,2017-07-24,456836437854289,456836437854289_677700662434531
279,2017-07-23,456836437854289,456836437854289_677712672433330
280,2017-07-23,456836437854289,456836437854289_677711139100150
281,2017-07-23,456836437854289,456836437854289_677660385771892
282,2017-07-22,456836437854289,456836437854289_677293869141877
283,2017-07-22,456836437854289,456836437854289_677242859146978
284,2017-07-21,456836437854289,456836437854289_676773969193867
285,2017-07-20,456836437854289,456836437854289_676309759240288
286,2017-07-20,456836437854289,456836437854289_676242579247006
287,2017-07-20,456836437854289,456836437854289_676150705922860
288,2017-07-19,456836437854289,456836437854289_675807885957142
289,2017-07-19,456836437854289,456836437854289_675623292642268
290,2017-07-19,456836437854289,456836437854289_675543652650232
291,2017-07-18,456836437854289,456836437854289_672640416273889
292,2017-07-18,456836437854289,456836437854289_675203289350935
293,2017-07-18,456836437854289,456836437854289_675041932700404
294,2017-07-17,456836437854289,456836437854289_674260699445194
295,2017-07-17,456836437854289,456836437854289_674618509409413
296,2017-07-17,456836437854289,456836437854289_674661139405150
297,2017-07-17,456836437854289,456836437854289_673705406167390
298,2017-07-16,456836437854289,456836437854289_673645976173333
299,2017-07-16,456836437854289,456836437854289_670773803127217
300,2017-07-16,456836437854289,456836437854289_673985672806030
301,2017-07-15,456836437854289,456836437854289_673637499507514
302,2017-07-15,456836437854289,456836437854289_671728329698431
303,2017-07-15,456836437854289,456836437854289_672181802986417
304,2017-07-14,456836437854289,456836437854289_673050909566173
305,2017-07-13,456836437854289,456836437854289_672628762941721
306,2017-07-13,456836437854289,456836437854289_672492746288656
307,2017-07-13,456836437854289,456836437854289_672576169613647
308,2017-07-12,456836437854289,456836437854289_672012433003354
309,2017-07-12,456836437854289,456836437854289_671982166339714
310,2017-07-12,456836437854289,456836437854289_671957619675502
311,2017-07-11,456836437854289,456836437854289_669234286614502
312,2017-07-11,456836437854289,456836437854289_671411519730112
313,2017-07-10,456836437854289,456836437854289_671212333083364
314,2017-07-10,456836437854289,456836437854289_667295853475012
315,2017-07-09,456836437854289,456836437854289_670606886477242
316,2017-07-07,456836437854289,456836437854289_669667929904471
317,2017-07-07,456836437854289,456836437854289_669519659919298
318,2017-07-06,456836437854289,456836437854289_668836326654298
319,2017-07-05,456836437854289,456836437854289_668759999995264
320,2017-07-05,456836437854289,456836437854289_668673403337257
321,2017-07-05,456836437854289,456836437854289_667262260145038
322,2017-07-04,456836437854289,456836437854289_667248636813067
323,2017-07-03,456836437854289,456836437854289_666438700227394
324,2017-07-02,456836437854289,456836437854289_665492986988632
325,2017-07-02,456836437854289,456836437854289_667210183483579
326,2017-07-01,456836437854289,456836437854289_666781973526400
327,2017-07-01,456836437854289,456836437854289_666663280204936
328,2017-06-30,456836437854289,456836437854289_665935213611076
329,2017-06-29,456836437854289,456836437854289_662981703906427
330,2017-06-29,456836437854289,456836437854289_665195120351752
331,2017-06-28,456836437854289,456836437854289_664707410400523
332,2017-06-28,456836437854289,456836437854289_664479160423348
333,2017-06-27,456836437854289,456836437854289_664187763785821
334,2017-06-27,456836437854289,456836437854289_662963603908237
335,2017-06-26,456836437854289,456836437854289_663535030517761
336,2017-06-26,456836437854289,456836437854289_662853317252599
337,2017-06-25,456836437854289,456836437854289_662763290594935
338,2017-06-25,456836437854289,456836437854289_662747257263205
339,2017-06-24,456836437854289,456836437854289_662180550653209
340,2017-06-24,456836437854289,456836437854289_662113610659903
341,2017-06-22,456836437854289,456836437854289_661356654068932
342,2017-06-21,456836437854289,456836437854289_660834927454438
343,2017-06-20,456836437854289,456836437854289_660399104164687
344,2017-06-20,456836437854289,456836437854289_660388170832447
345,2017-06-19,456836437854289,456836437854289_659870777550853
346,2017-06-19,456836437854289,456836437854289_659769990894265
347,2017-06-18,456836437854289,456836437854289_659415407596390
348,2017-06-18,456836437854289,456836437854289_659388277599103
349,2017-06-17,456836437854289,456836437854289_658952330976031
350,2017-06-17,456836437854289,456836437854289_658933610977903
351,2017-06-16,456836437854289,456836437854289_658535624351035
352,2017-06-16,456836437854289,456836437854289_658482847689646
353,2017-06-15,456836437854289,456836437854289_658065447731386
354,2017-06-15,456836437854289,456836437854289_657925487745382
355,2017-06-14,456836437854289,456836437854289_657581794446418
356,2017-06-14,456836437854289,456836437854289_657560684448529
357,2017-06-13,456836437854289,456836437854289_657116694492928
358,2017-06-13,456836437854289,456836437854289_657004497837481
359,2017-06-12,456836437854289,456836437854289_656680841203180
360,2017-06-12,456836437854289,456836437854289_656503151220949
361,2017-06-11,456836437854289,456836437854289_656242704580327
362,2017-06-11,456836437854289,456836437854289_656067527931178
363,2017-06-10,456836437854289,456836437854289_655720124632585
364,2017-06-09,456836437854289,456836437854289_655312958006635
365,2017-06-08,456836437854289,456836437854289_654955871375677
366,2017-06-08,456836437854289,456836437854289_654904361380828
367,2017-06-06,456836437854289,456836437854289_654126448125286
368,2017-06-03,456836437854289,456836437854289_652765628261368
369,2017-06-02,456836437854289,456836437854289_652385674966030
370,2017-06-02,456836437854289,456836437854289_652230261648238
371,2017-06-01,456836437854289,456836437854289_651817508356180
372,2017-05-28,456836437854289,456836437854289_650338031837461
373,2017-05-28,456836437854289,456836437854289_650267321844532
374,2017-05-28,456836437854289,456836437854289_650093191861945
375,2017-05-28,456836437854289,456836437854289_650230098514921
376,2017-05-17,456836437854289,456836437854289_645852718952659
377,2017-05-16,456836437854289,456836437854289_645432905661307
378,2017-05-14,456836437854289,456836437854289_644625375742060
379,2017-05-14,456836437854289,456836437854289_644507102420554
380,2017-05-12,456836437854289,456836437854289_643809279157003
381,2017-05-12,456836437854289,456836437854289_643668645837733
382,2017-05-11,456836437854289,456836437854289_643025312568733
383,2017-05-09,456836437854289,456836437854289_642303972640867
384,2017-05-08,456836437854289,456836437854289_641709596033638
385,2017-05-07,456836437854289,456836437854289_641210689416862
386,2017-05-03,456836437854289,456836437854289_639385552932709
